,brand,model,year,price,currency,pay_per_month,kilometers_driven,transmission_type
0,Nissan,TEANA_250_XV_V6_SUNROOF_NAVIGATION_2.5,2010,250900,บาท,4161 บาท /เดือน,250103,Automatic
1,Nissan,TEANA_250_XV_2.5,2011,221900,บาท,3680 บาท /เดือน,265576,Automatic
2,Mitsubishi,MIRAGE_GLS_LIMITED_EDITION_1.2,2013,181900,บาท,3017 บาท /เดือน,146188,Automatic
3,Nissan,SYLPHY_V_1.8,2013,232900,บาท,3863 บาท /เดือน,143250,Automatic
4,Nissan,JUKE_V_1.6,2014,272900,บาท,4526 บาท /เดือน,169729,Automatic
5,Subaru,XV_I-P_2.0,2017,506900,บาท,8407 บาท /เดือน,142766,Automatic
6,Subaru,FORESTER_I-S_ES_(EYE-SIGHT)_2.0,2020,804900,บาท,13349 บาท /เดือน,78647,Automatic
7,Nissan,NOTE_VL_1.2,2017,283900,บาท,4708 บาท /เดือน,152260,Automatic
8,Mazda,CX-5_TURBO_SP_(4WD)_2.5,2019,938900,บาท,15572 บาท /เดือน,77291,Automatic
9,Mazda,3_SP_SPORTS_2.0,2014,435900,บาท,7229 บาท /เดือน,102206,Automatic
10,Mazda,3_SP_SPORTS_2.0,2015,366900,บาท,6085 บาท /เดือน,144970,Automatic
11,Isuzu,D-MAX_SPACECAB_HI-LANDER_Z-PRESTIGE_NAVI_2.5,2014,344900,บาท,5720 บาท /เดือน,107285,Automatic
12,Nissan,JUKE_V_1.6,2014,330900,บาท,5488 บาท /เดือน,160743,Automatic
13,Isuzu,D-MAX_SPACECAB_HI-LANDER_DDI_Z_(VGS)_2.5,2015,384900,บาท,6384 บาท /เดือน,104150,เกียร์ธรรมดา
14,Mazda,3_SP_SPORTS_2.0,2014,435900,บาท,7229 บาท /เดือน,165945,Automatic
15,Mazda,CX-5_TURBO_SP_(4WD)_2.5,2019,1138900,บาท,18889 บาท /เดือน,24085,Automatic
16,Mitsubishi,TRITON_MEGA_CAB_PLUS_GLS_2.4,2017,404900,บาท,6715 บาท /เดือน,75853,เกียร์ธรรมดา
17,Isuzu,D-MAX_CAB-4_HI-LANDER_X-SERIES_Z_2.5,2015,508900,บาท,8440 บาท /เดือน,153278,เกียร์ธรรมดา
18,Toyota,COROLLA_ALTIS_G_1.6,2019,502900,บาท,8341 บาท /เดือน,108869,Automatic
19,Isuzu,D-MAX_BLUE_POWER_CAB-4_HI-LANDER_DDI_Z-PRESTIGE_3.0,2019,630900,บาท,10463 บาท /เดือน,110049,เกียร์ธรรมดา
20,Mitsubishi,XPANDER_GT_1.5,2018,568900,บาท,9435 บาท /เดือน,122056,Automatic
21,MG,ZS_X_1.5,2018,435900,บาท,7229 บาท /เดือน,98543,Automatic
22,Ford,RANGER_DOUBLE_CAB_HI-RIDER_WILDTRAK_2.2,2018,667900,บาท,11077 บาท /เดือน,102122,Automatic
23,Nissan,NP300_NAVARA_KING_CAB_E_CALIBRE_BLACK_EDITION_2.5,2018,422900,บาท,7014 บาท /เดือน,93268,เกียร์ธรรมดา
24,Honda,CITY_V_1.5,2019,471900,บาท,7826 บาท /เดือน,108424,Automatic
25,Mitsubishi,ATTRAGE_GLS_LIMITED_EDITION_1.2,2018,357900,บาท,5936 บาท /เดือน,51736,Automatic
26,Ford,EVEREST_TITANIUM+_4WD_2.0,2018,1043900,บาท,17313 บาท /เดือน,113579,Automatic
27,Honda,MOBILIO_RS_1.5,2018,496900,บาท,8241 บาท /เดือน,102506,Automatic
28,Mitsubishi,PAJERO_SPORT_GT_2.5,2015,533900,บาท,8855 บาท /เดือน,153972,Automatic
29,Nissan,JUKE_V_1.6,2014,326900,บาท,5422 บาท /เดือน,108661,Automatic
30,Mitsubishi,TRITON_DOUBLE_CAB_PLUS_GT_PREMIUM_2.4,2018,573900,บาท,9518 บาท /เดือน,143895,เกียร์ธรรมดา
31,Toyota,HILUX_REVO_SMART_CAB_E_PRERUNNER_2.4,2019,487900,บาท,8092 บาท /เดือน,54979,เกียร์ธรรมดา
32,Mitsubishi,ATTRAGE_GLS_1.2,2018,310900,บาท,5156 บาท /เดือน,96222,Automatic
33,Mitsubishi,MIRAGE_GLX_1.2,2018,300900,บาท,4990 บาท /เดือน,104585,Automatic
34,Ford,EVEREST_LTD_TDCI_4WD_3.0,2009,265900,บาท,4410 บาท /เดือน,274099,Automatic
35,Nissan,JUKE_V_1.6,2015,361900,บาท,6002 บาท /เดือน,127291,Automatic
36,Toyota,VIOS_J_1.5,2018,393900,บาท,6533 บาท /เดือน,135362,Automatic
37,Mitsubishi,XPANDER_GLS_LIMITED_1.5,2018,531900,บาท,8822 บาท /เดือน,106258,Automatic
38,Toyota,CAMRY_G_2.0,2019,903900,บาท,14991 บาท /เดือน,101500,Automatic
39,MG,MG3_V_SUNROOF_1.5,2017,255900,บาท,4244 บาท /เดือน,61986,Automatic
40,Honda,CITY_V+_1.5,2017,440900,บาท,7312 บาท /เดือน,116153,Automatic
41,Toyota,VIOS_E_1.5,2018,403900,บาท,6699 บาท /เดือน,114967,Automatic
42,Nissan,NP300_NAVARA_KING_CAB_S_2.5,2018,341900,บาท,5670 บาท /เดือน,41603,เกียร์ธรรมดา
43,Subaru,FORESTER_I-S_2.0,2019,871900,บาท,14460 บาท /เดือน,82483,Automatic
44,Toyota,YARIS_ATIV_J_1.2,2018,359900,บาท,5969 บาท /เดือน,102605,Automatic
45,Toyota,HILUX_REVO_SMART_CAB_E_PLUS_PRERUNNER_2.4,2017,484900,บาท,8042 บาท /เดือน,133695,Automatic
46,Honda,HR-V_RS_1.8,2019,742900,บาท,12321 บาท /เดือน,79126,Automatic
47,Mitsubishi,PAJERO_SPORT_GT_PREMIUM_2WD_2.4,2019,976900,บาท,16202 บาท /เดือน,91051,Automatic
48,Mazda,3_S_2.0,2016,420900,บาท,6981 บาท /เดือน,112555,Automatic
49,Toyota,CAMRY_G_EXTREMO_2.0,2018,779900,บาท,12935 บาท /เดือน,50423,Automatic
50,Honda,MOBILIO_RS_1.5,2019,519900,บาท,8623 บาท /เดือน,80251,Automatic
51,MG,MG3_X_1.5,2016,251900,บาท,4178 บาท /เดือน,77958,Automatic
52,MG,ZS_X_1.5,2019,450900,บาท,7478 บาท /เดือน,103200,Automatic
53,Ford,RANGER_OPEN_CAB_HI-RIDER_XLT_2.2,2014,336900,บาท,5587 บาท /เดือน,152688,เกียร์ธรรมดา
54,Mazda,3_E_2.0,2018,454900,บาท,7545 บาท /เดือน,140058,Automatic
55,Honda,CITY_V+_1.5,2016,425900,บาท,7064 บาท /เดือน,96805,Automatic
56,Ford,RANGER_DOUBLE_CAB_HI-RIDER_XLT_2.2,2017,514900,บาท,8540 บาท /เดือน,56886,Automatic
57,Toyota,VIOS_J_1.5,2018,393900,บาท,6533 บาท /เดือน,122749,Automatic
58,Toyota,VIOS_E_1.5,2018,403900,บาท,6699 บาท /เดือน,137246,Automatic
59,Toyota,CAMRY_G_2.0,2018,681900,บาท,11309 บาท /เดือน,136630,Automatic
60,Mazda,3_E_2.0,2018,454900,บาท,7545 บาท /เดือน,142911,Automatic
61,Ford,RANGER_DOUBLE_CAB_HI-RIDER_XLT_2.2,2018,482900,บาท,8009 บาท /เดือน,62960,เกียร์ธรรมดา
62,Honda,BR-V_SV_1.5,2017,466900,บาท,7744 บาท /เดือน,163096,Automatic
63,Mitsubishi,XPANDER_GLS_LIMITED_1.5,2018,531900,บาท,8822 บาท /เดือน,59857,Automatic
64,Mitsubishi,ATTRAGE_GLX_1.2,2019,308900,บาท,5123 บาท /เดือน,84525,Automatic
65,Toyota,SIENTA_V_1.5,2018,528900,บาท,8772 บาท /เดือน,123738,Automatic
66,Subaru,XV_I_2.0,2014,417900,บาท,6931 บาท /เดือน,157276,Automatic
67,Ford,RANGER_OPEN_CAB_HI-RIDER_XLT_2.2,2019,468900,บาท,7777 บาท /เดือน,113726,เกียร์ธรรมดา
68,Isuzu,"D-MAX_CAB-4_HI-LANDER_DDI_Z-PRESTIGE_(VGS,_NAVI)_2.5",2013,433900,บาท,7196 บาท /เดือน,165858,Automatic
69,Mazda,BT-50_PRO_FREESTYLE_CAB_HI-RACER_(ABS)_2.2,2018,396900,บาท,6583 บาท /เดือน,59564,เกียร์ธรรมดา
70,Suzuki,SWIFT_GL_1.2,2013,273900,บาท,4543 บาท /เดือน,101465,Automatic
71,Subaru,FORESTER_I-S_ES_(EYE-SIGHT)_2.0,2019,895900,บาท,14859 บาท /เดือน,84056,Automatic
72,Toyota,COROLLA_ALTIS_G_1.6,2019,590900,บาท,9800 บาท /เดือน,92406,Automatic
73,Toyota,VIOS_J_1.5,2016,344900,บาท,5720 บาท /เดือน,162443,Automatic
74,Toyota,HILUX_REVO_SMART_CAB_E_PRERUNNER_2.4,2018,487900,บาท,8092 บาท /เดือน,130332,Automatic
75,Toyota,VIOS_MID_1.5,2019,453900,บาท,7528 บาท /เดือน,46284,Automatic
76,Subaru,FORESTER_I-P_2.0,2016,596900,บาท,9900 บาท /เดือน,135826,Automatic
77,Suzuki,CIAZ_GL_1.2,2022,414900,บาท,6881 บาท /เดือน,18234,Automatic
78,Nissan,JUKE_E_1.6,2014,331900,บาท,5505 บาท /เดือน,105610,Automatic
79,Ford,ECOSPORT_TREND_1.5,2017,338900,บาท,5621 บาท /เดือน,100774,Automatic
80,Mitsubishi,MIRAGE_GLX_1.2,2019,340900,บาท,5654 บาท /เดือน,20272,Automatic
81,Nissan,TEANA_200_XL_NAVI_2.0,2015,495900,บาท,8225 บาท /เดือน,69217,Automatic
82,Ford,ECOSPORT_TITANIUM_1.5,2018,359900,บาท,5969 บาท /เดือน,104166,Automatic
83,Isuzu,D-MAX_DOUBLE_CAB_HI-LANDER_Z_1.9,2017,605900,บาท,10049 บาท /เดือน,122662,เกียร์ธรรมดา
84,MG,MG3_D_1.5,2015,230900,บาท,3829 บาท /เดือน,171783,Automatic
85,Mitsubishi,TRITON_MEGA_CAB_GT_PLUS_2.4,2018,482900,บาท,8009 บาท /เดือน,62328,เกียร์ธรรมดา
86,MG,MG3_XROSS_X_1.5,2015,255900,บาท,4244 บาท /เดือน,98764,Automatic
87,Toyota,VIOS_E_1.5,2018,403900,บาท,6699 บาท /เดือน,128429,Automatic
88,Ford,ECOSPORT_AMBIENTE_1.5,2015,320900,บาท,5322 บาท /เดือน,113768,Automatic
89,Honda,CITY_S_1.5,2019,439900,บาท,7296 บาท /เดือน,107752,Automatic
90,Toyota,CAMRY_G_2.0,2019,921900,บาท,15290 บาท /เดือน,100546,Automatic
91,MG,MG3_X_1.5,2017,265900,บาท,4410 บาท /เดือน,48386,Automatic
92,Honda,JAZZ_V_1.5,2015,427900,บาท,7097 บาท /เดือน,167903,Automatic
93,Ford,RANGER_DOUBLE_CAB_HI-RIDER_WILDTRAK_2.2,2016,547900,บาท,9087 บาท /เดือน,121349,เกียร์ธรรมดา
94,Mitsubishi,TRITON_MEGA_CAB_GT_PLUS_2.4,2018,482900,บาท,8009 บาท /เดือน,78822,เกียร์ธรรมดา
95,Toyota,YARIS_J_ECO_1.2,2014,276900,บาท,4592 บาท /เดือน,102615,Automatic
96,Toyota,CAMRY_G_2.0,2018,908900,บาท,15074 บาท /เดือน,143762,Automatic
97,Honda,CIVIC_EL_1.8,2016,601900,บาท,9983 บาท /เดือน,161522,Automatic
98,Toyota,VIOS_HIGH_1.5,2019,502900,บาท,8341 บาท /เดือน,38323,Automatic
99,Mazda,3_S_SPORTS_2.0,2014,414900,บาท,6881 บาท /เดือน,82506,Automatic
100,Nissan,ALMERA_E_SPORTECH_1.2,2017,301900,บาท,5007 บาท /เดือน,131730,Automatic
101,Mitsubishi,XPANDER_GT_1.5,2019,581900,บาท,9651 บาท /เดือน,65469,Automatic
102,Honda,CIVIC_EL_1.8,2018,652900,บาท,10828 บาท /เดือน,104615,Automatic
103,Suzuki,SWIFT_GLX_1.2,2013,274900,บาท,4559 บาท /เดือน,120888,Automatic
104,Mazda,CX-5_XD_2.2,2019,1009900,บาท,16749 บาท /เดือน,85775,Automatic
105,Nissan,X-TRAIL_V_4WD_2.0,2016,533900,บาท,8855 บาท /เดือน,136930,Automatic
106,Ford,EVEREST_TITANIUM+_4WD_3.2,2017,881900,บาท,14626 บาท /เดือน,157315,Automatic
107,Ford,RANGER_DOUBLE_CAB_4WD_WILDTRAK_3.2,2014,507900,บาท,8424 บาท /เดือน,115642,Automatic
108,MG,MG3_D_1.5,2016,232900,บาท,3863 บาท /เดือน,128176,Automatic
109,Mazda,3_SP_2.0,2019,805900,บาท,13366 บาท /เดือน,63437,Automatic
110,Toyota,YARIS_ATIV_S_1.2,2018,434900,บาท,7213 บาท /เดือน,134390,Automatic
111,Honda,ACCORD_TECH_2.4,2013,555900,บาท,9220 บาท /เดือน,120271,Automatic
112,Toyota,VIOS_E_1.5,2018,403900,บาท,6699 บาท /เดือน,124282,Automatic
113,Subaru,XV_I_2.0,2014,425900,บาท,7064 บาท /เดือน,146038,Automatic
114,Nissan,NP300_NAVARA_KING_CAB_E_CALIBRE_BLACK_EDITION_2.5,2019,451900,บาท,7495 บาท /เดือน,95015,เกียร์ธรรมดา
115,Nissan,MARCH_S_1.2,2018,247900,บาท,4111 บาท /เดือน,47708,เกียร์ธรรมดา
116,Honda,CIVIC_TURBO_RS_1.5,2016,702900,บาท,11658 บาท /เดือน,116575,Automatic
117,Toyota,VIOS_S_1.5,2017,455900,บาท,7561 บาท /เดือน,83448,Automatic
118,MG,MG3_X_1.5,2015,238900,บาท,3962 บาท /เดือน,103773,Automatic
119,Mazda,3_MAXX_SPORTS_2.0,2013,332900,บาท,5521 บาท /เดือน,126868,Automatic
120,Mazda,3_E_2.0,2018,463900,บาท,7694 บาท /เดือน,122431,Automatic
121,Honda,HR-V_EL_1.8,2015,548900,บาท,9104 บาท /เดือน,166584,Automatic
122,Toyota,FORTUNER_G_2.5,2013,545900,บาท,9054 บาท /เดือน,92563,เกียร์ธรรมดา
123,Honda,CITY_V+_1.5,2018,469900,บาท,7793 บาท /เดือน,134840,Automatic
124,Toyota,C-HR_HYBRID_MID_1.8,2018,705900,บาท,11707 บาท /เดือน,132964,Automatic
125,Ford,EVEREST_TITANIUM+_4WD_2.0,2018,1071900,บาท,17777 บาท /เดือน,111009,Automatic
126,Ford,RANGER_DOUBLE_CAB_HI-RIDER_XLT_2.2,2015,442900,บาท,7345 บาท /เดือน,159867,Automatic
127,Toyota,HILUX_REVO_SMART_CAB_E_PRERUNNER_2.4,2017,486900,บาท,8075 บาท /เดือน,101662,Automatic
128,Toyota,HILUX_REVO_SMART_CAB_E_PLUS_PRERUNNER_2.4,2017,494900,บาท,8208 บาท /เดือน,120267,Automatic
129,Subaru,FORESTER_I-S_ES_(EYE-SIGHT)_2.0,2019,947900,บาท,15721 บาท /เดือน,101836,Automatic
130,Honda,CIVIC_E_1.8,2019,660900,บาท,10961 บาท /เดือน,110529,Automatic
131,Mitsubishi,PAJERO_SPORT_GT_PREMIUM_2.4,2018,837900,บาท,13897 บาท /เดือน,48884,Automatic
132,Toyota,CAMRY_G_EXTREMO_2.0,2017,765900,บาท,12702 บาท /เดือน,104914,Automatic
133,Ford,EVEREST_TITANIUM+_(2WD)_2.0,2019,977900,บาท,16218 บาท /เดือน,50333,Automatic
134,Honda,CIVIC_TURBO_(HATCHBACK)_1.5,2017,795900,บาท,13200 บาท /เดือน,141510,Automatic
135,MG,MG3_D_TWO_TONE_1.5,2019,328900,บาท,5455 บาท /เดือน,77408,Automatic
136,Mazda,2_XD_HIGH_CONNECT_1.5,2017,434900,บาท,7213 บาท /เดือน,148374,Automatic
137,Ford,ECOSPORT_TREND_1.5,2014,267900,บาท,4443 บาท /เดือน,63506,Automatic
138,Nissan,JUKE_V_1.6,2014,336900,บาท,5587 บาท /เดือน,124815,Automatic
139,Isuzu,D-MAX_SPACECAB_HI-LANDER_ZP_1.9,2019,557900,บาท,9253 บาท /เดือน,35930,เกียร์ธรรมดา
140,MG,ZS_X_1.5,2019,450900,บาท,7478 บาท /เดือน,7073,Automatic
141,Ford,RANGER_DOUBLE_CAB_HI-RIDER_WILDTRAK_2.2,2016,536900,บาท,8904 บาท /เดือน,171439,เกียร์ธรรมดา
142,MG,MG3_D_1.5,2016,225900,บาท,3747 บาท /เดือน,138970,Automatic
143,MG,ZS_D+_1.5,2021,521900,บาท,8656 บาท /เดือน,26616,Automatic
144,Subaru,XV_I-P_2.0,2018,692900,บาท,11492 บาท /เดือน,89959,Automatic
145,Ford,RANGER_DOUBLE_CAB_HI-RIDER_XLT_2.2,2019,606900,บาท,10065 บาท /เดือน,66185,Automatic
146,Toyota,C-HR_HYBRID_HIGH_1.8,2018,699900,บาท,11608 บาท /เดือน,128582,Automatic
147,MG,ZS_X_1.5,2019,459900,บาท,7627 บาท /เดือน,48281,Automatic
148,Honda,CIVIC_EL_1.8,2016,613900,บาท,10182 บาท /เดือน,163812,Automatic
149,Toyota,CAMRY_G_2.0,2019,921900,บาท,15290 บาท /เดือน,88440,Automatic
150,Toyota,HILUX_REVO_SMART_CAB_E_PLUS_PRERUNNER_2.4,2019,549900,บาท,9120 บาท /เดือน,107181,Automatic
151,Toyota,HILUX_REVO_SMART_CAB_E_2.4,2017,429900,บาท,7130 บาท /เดือน,129667,เกียร์ธรรมดา
152,Mazda,BT-50_PRO_FREESTYLE_CAB_HI-RACER_2.2,2019,373900,บาท,6201 บาท /เดือน,56230,เกียร์ธรรมดา
153,Ford,RANGER_OPEN_CAB_HI-RIDER_XLT_2.2,2019,478900,บาท,7943 บาท /เดือน,68913,เกียร์ธรรมดา
154,Mitsubishi,ATTRAGE_GLS_LIMITED_EDITION_1.2,2018,357900,บาท,5936 บาท /เดือน,124305,Automatic
155,Mitsubishi,ATTRAGE_GLX_1.2,2018,291900,บาท,4841 บาท /เดือน,139823,Automatic
156,MG,HS_X_SUNROOF_1.5,2019,647900,บาท,10745 บาท /เดือน,56927,Automatic
157,Mazda,2_SPORTS_HIGH_CONNECT_1.3,2019,432900,บาท,7180 บาท /เดือน,90375,Automatic
158,Isuzu,MU-X_DA_DVD_2WD_3.0,2017,787900,บาท,13067 บาท /เดือน,122683,Automatic
159,Mitsubishi,ATTRAGE_GLX_1.2,2018,313900,บาท,5206 บาท /เดือน,98281,Automatic
160,Toyota,YARIS_ATIV_S_1.2,2018,434900,บาท,7213 บาท /เดือน,113613,Automatic
161,Ford,EVEREST_TITANIUM+_4WD_2.0,2018,1071900,บาท,17777 บาท /เดือน,93501,Automatic
162,Mitsubishi,PAJERO_SPORT_GT_PREMIUM_2WD_2.4,2019,999900,บาท,16583 บาท /เดือน,102775,Automatic
163,Toyota,HILUX_REVO_DOUBLE_CAB_E_PRERUNNER_2.4,2019,633900,บาท,10513 บาท /เดือน,98518,Automatic
164,Toyota,YARIS_G+_1.2,2019,453900,บาท,7528 บาท /เดือน,93797,Automatic
165,Mazda,BT-50_PRO_FREESTYLE_CAB_HI-RACER_(ABS)_2.2,2018,404900,บาท,6715 บาท /เดือน,69535,เกียร์ธรรมดา
166,Suzuki,SWIFT_GLX_NAVI_1.2,2018,435900,บาท,7229 บาท /เดือน,88167,Automatic
167,Toyota,INNOVA_CRYSTA_G_2.8,2018,697900,บาท,11575 บาท /เดือน,73460,Automatic
168,Toyota,VIOS_E_1.5,2018,403900,บาท,6699 บาท /เดือน,124144,Automatic
169,Toyota,VIOS_MID_1.5,2019,453900,บาท,7528 บาท /เดือน,84357,Automatic
170,Honda,CIVIC_E_1.8,2019,660900,บาท,10961 บาท /เดือน,86616,Automatic
171,Honda,CITY_SV_1.5,2017,480900,บาท,7976 บาท /เดือน,179813,Automatic
172,Honda,CIVIC_EL_1.8,2019,718900,บาท,11923 บาท /เดือน,115125,Automatic
173,Toyota,C-HR_MID_1.8,2019,730900,บาท,12122 บาท /เดือน,97864,Automatic
174,Mazda,3_S_SPORTS_2.0,2014,412900,บาท,6848 บาท /เดือน,112371,Automatic
175,MG,MG3_X_SUNROOF_1.5,2018,317900,บาท,5272 บาท /เดือน,97456,Automatic
176,Toyota,HILUX_REVO_DOUBLE_CAB_E_PLUS_PRERUNNER_2.4,2018,630900,บาท,10463 บาท /เดือน,104770,Automatic
177,Mazda,BT-50_PRO_FREESTYLE_CAB_HI-RACER_2.2,2019,373900,บาท,6201 บาท /เดือน,111092,เกียร์ธรรมดา
178,Ford,RANGER_RAPTOR_DOUBLE_CAB_BI-TURBO_4WD_2.0,2018,1152900,บาท,19121 บาท /เดือน,133634,Automatic
179,Ford,RANGER_DOUBLE_CAB_HI-RIDER_XLT_2.2,2018,551900,บาท,9153 บาท /เดือน,108985,Automatic
180,Mitsubishi,MIRAGE_GLX_1.2,2019,340900,บาท,5654 บาท /เดือน,60081,Automatic
181,Honda,MOBILIO_RS_1.5,2017,478900,บาท,7943 บาท /เดือน,140335,Automatic
182,Nissan,TEANA_200_XL_NAVI_2.0,2014,498900,บาท,8274 บาท /เดือน,150716,Automatic
183,Ford,EVEREST_TITANIUM+_4WD_2.0,2018,1071900,บาท,17777 บาท /เดือน,113790,Automatic
184,Honda,CITY_S_1.5,2019,439900,บาท,7296 บาท /เดือน,99633,Automatic
185,Toyota,VIOS_S_1.5,2018,462900,บาท,7677 บาท /เดือน,62941,Automatic
186,Honda,CITY_SV_1.5,2016,424900,บาท,7047 บาท /เดือน,94059,Automatic
187,Honda,CITY_SV_1.5,2013,339900,บาท,5637 บาท /เดือน,162902,Automatic
188,Toyota,YARIS_G_1.2,2014,333900,บาท,5538 บาท /เดือน,42752,Automatic
189,Nissan,SYLPHY_V_1.6,2013,281900,บาท,4675 บาท /เดือน,151411,Automatic
190,MG,MG3_X_SUNROOF_1.5,2019,321900,บาท,5339 บาท /เดือน,85656,Automatic
191,Mazda,2_HIGH_PLUS_1.3,2017,401900,บาท,6666 บาท /เดือน,147076,Automatic
192,Mitsubishi,ATTRAGE_GLS_1.2,2018,310900,บาท,5156 บาท /เดือน,101289,Automatic
193,Honda,CIVIC_E_1.8,2019,679900,บาท,11276 บาท /เดือน,110401,Automatic
194,Toyota,VIOS_G_1.5,2018,418900,บาท,6947 บาท /เดือน,91379,Automatic
195,MG,ZS_D_1.5,2018,425900,บาท,7064 บาท /เดือน,21820,Automatic
196,MG,ZS_X_1.5,2018,459900,บาท,7627 บาท /เดือน,58843,Automatic
197,Toyota,HILUX_REVO_SMART_CAB_E_PLUS_PRERUNNER_2.4,2019,552900,บาท,9170 บาท /เดือน,95083,เกียร์ธรรมดา
198,Nissan,NP300_NAVARA_KING_CAB_S_2.5,2019,379900,บาท,6301 บาท /เดือน,70486,เกียร์ธรรมดา
199,Mitsubishi,MIRAGE_GLX_1.2,2018,264900,บาท,4393 บาท /เดือน,80563,เกียร์ธรรมดา
200,Nissan,MARCH_S_1.2,2017,230900,บาท,3829 บาท /เดือน,84238,เกียร์ธรรมดา
201,Toyota,CAMRY_G_2.5,2018,851900,บาท,14129 บาท /เดือน,87845,Automatic
202,Mitsubishi,ATTRAGE_GLX_1.2,2017,291900,บาท,4841 บาท /เดือน,80646,Automatic
203,Toyota,YARIS_G_1.2,2013,313900,บาท,5206 บาท /เดือน,161721,Automatic
204,Hyundai,H1_ELITE_2.5,2015,762900,บาท,12653 บาท /เดือน,161034,Automatic
205,Ford,ECOSPORT_TREND_1.5,2016,342900,บาท,5687 บาท /เดือน,159747,Automatic
206,Mazda,3_SP_2.0,2019,798900,บาท,13250 บาท /เดือน,89810,Automatic
207,Suzuki,SWIFT_GLX_1.2,2013,274900,บาท,4559 บาท /เดือน,134239,Automatic
208,Mazda,CX-3_S_2.0,2018,577900,บาท,9584 บาท /เดือน,69436,Automatic
209,Mitsubishi,ATTRAGE_GLX_1.2,2018,291900,บาท,4841 บาท /เดือน,51933,Automatic
210,Mitsubishi,ATTRAGE_GLS_LIMITED_EDITION_1.2,2018,332900,บาท,5521 บาท /เดือน,98839,Automatic
211,Nissan,PULSAR_V_1.8,2013,322900,บาท,5355 บาท /เดือน,101461,Automatic
212,Hyundai,GRAND_STAREX_VIP_2.5,2017,1181900,บาท,19602 บาท /เดือน,72829,Automatic
213,Honda,ACCORD_EL_2.4,2018,806900,บาท,13382 บาท /เดือน,132513,Automatic
214,Nissan,X-TRAIL_V_4WD_2.0,2014,458900,บาท,7611 บาท /เดือน,130485,Automatic
215,Mitsubishi,ATTRAGE_GLX_1.2,2014,203900,บาท,3382 บาท /เดือน,71140,เกียร์ธรรมดา
216,Honda,CIVIC_TURBO_RS_1.5,2016,702900,บาท,11658 บาท /เดือน,111866,Automatic
217,Toyota,HILUX_REVO_SMART_CAB_E_PLUS_4WD_2.4,2019,589900,บาท,9783 บาท /เดือน,96483,เกียร์ธรรมดา
218,Honda,BR-V_SV_1.5,2017,547900,บาท,9087 บาท /เดือน,135135,Automatic
219,Honda,CIVIC_EL_1.8,2019,718900,บาท,11923 บาท /เดือน,66734,Automatic
220,Honda,CIVIC_EL_1.8,2017,641900,บาท,10646 บาท /เดือน,160609,Automatic
221,Honda,CIVIC_EL_1.8,2016,613900,บาท,10182 บาท /เดือน,99265,Automatic
222,Mazda,3_S_SPORTS_2.0,2018,573900,บาท,9518 บาท /เดือน,144720,Automatic
223,Toyota,VIOS_J_1.5,2018,393900,บาท,6533 บาท /เดือน,102681,Automatic
224,Honda,ACCORD_EL_2.4,2018,806900,บาท,13382 บาท /เดือน,70263,Automatic
225,Toyota,CAMRY_G_2.0,2018,695900,บาท,11542 บาท /เดือน,115435,Automatic
226,MG,MG3_D_1.5,2019,302900,บาท,5024 บาท /เดือน,20080,Automatic
227,Toyota,SIENTA_G_1.5,2019,551900,บาท,9153 บาท /เดือน,82602,Automatic
228,Honda,CIVIC_TURBO_(HATCHBACK)_1.5,2017,806900,บาท,13382 บาท /เดือน,122695,Automatic
229,Ford,RANGER_DOUBLE_CAB_HI-RIDER_XLT_2.2,2019,598900,บาท,9933 บาท /เดือน,119945,Automatic
230,Nissan,X-TRAIL_S_2.0,2017,496900,บาท,8241 บาท /เดือน,140632,Automatic
231,Ford,RANGER_OPEN_CAB_HI-RIDER_XLT_2.2,2019,478900,บาท,7943 บาท /เดือน,98798,เกียร์ธรรมดา
232,Mazda,CX-30_SP_2.0,2020,837900,บาท,13897 บาท /เดือน,65472,Automatic
233,Mazda,2_SKYACTIV_XD_SPORTS_HIGH_PLUS_1.5,2015,393900,บาท,6533 บาท /เดือน,149669,Automatic
234,MG,MG5_X_TURBO_SUNROOF_1.5,2019,387900,บาท,6433 บาท /เดือน,111267,Automatic
235,Honda,CIVIC_EL_1.8,2018,709900,บาท,11774 บาท /เดือน,125052,Automatic
236,Honda,CITY_S_1.5,2019,439900,บาท,7296 บาท /เดือน,90219,Automatic
237,Toyota,VIOS_MID_1.5,2019,453900,บาท,7528 บาท /เดือน,36755,Automatic
238,Honda,BRIO_AMAZE_SV_1.2,2018,384900,บาท,6384 บาท /เดือน,49660,Automatic
239,Nissan,NOTE_VL_1.2,2017,358900,บาท,5952 บาท /เดือน,153326,Automatic
240,Honda,BRIO_V_1.2,2013,265900,บาท,4410 บาท /เดือน,161903,Automatic
241,Mitsubishi,MIRAGE_GLX_1.2,2018,289900,บาท,4808 บาท /เดือน,61417,Automatic
242,Mitsubishi,ATTRAGE_GLS_LIMITED_EDITION_1.2,2013,238900,บาท,3962 บาท /เดือน,126733,Automatic
243,Suzuki,ERTIGA_GL_1.5,2019,465900,บาท,7727 บาท /เดือน,29024,Automatic
244,Toyota,COROLLA_ALTIS_S_1.8,2019,573900,บาท,9518 บาท /เดือน,114857,Automatic
245,Mitsubishi,MIRAGE_GLX_1.2,2019,306900,บาท,5090 บาท /เดือน,62355,Automatic
246,Mazda,3_S_2.0,2017,476900,บาท,7909 บาท /เดือน,83413,Automatic
247,Honda,CITY_V+_1.5,2019,500900,บาท,8307 บาท /เดือน,85461,Automatic
248,Honda,CIVIC_EL_1.8,2016,633900,บาท,10513 บาท /เดือน,158683,Automatic
249,Mazda,2_SPORTS_HIGH_PLUS_1.3,2018,430900,บาท,7146 บาท /เดือน,126794,Automatic
250,Honda,BR-V_SV_1.5,2016,449900,บาท,7462 บาท /เดือน,127604,Automatic
251,Toyota,SIENTA_V_1.5,2020,654900,บาท,10862 บาท /เดือน,93824,Automatic
252,Mazda,2_XD_HIGH_PLUS_L_1.5,2017,471900,บาท,7826 บาท /เดือน,78396,Automatic
253,Ford,RANGER_DOUBLE_CAB_4WD_WILDTRAK_3.2,2017,713900,บาท,11840 บาท /เดือน,131572,Automatic
254,Nissan,NP300_NAVARA_KING_CAB_S_2.5,2018,363900,บาท,6035 บาท /เดือน,97256,เกียร์ธรรมดา
255,Honda,CITY_V+_1.5,2019,500900,บาท,8307 บาท /เดือน,99186,Automatic
256,Ford,ECOSPORT_TITANIUM_1.5,2016,343900,บาท,5704 บาท /เดือน,137616,Automatic
257,Honda,CIVIC_EL_1.8,2017,660900,บาท,10961 บาท /เดือน,136279,Automatic
258,Honda,BR-V_SV_1.5,2016,468900,บาท,7777 บาท /เดือน,143100,Automatic
259,Mazda,2_HIGH_PLUS_1.3,2018,430900,บาท,7146 บาท /เดือน,62389,Automatic
260,Mazda,BT-50_PRO_FREESTYLE_CAB_HI-RACER_2.2,2019,386900,บาท,6417 บาท /เดือน,52613,เกียร์ธรรมดา
261,Mazda,CX-3_SP_2.0,2019,657900,บาท,10911 บาท /เดือน,63483,Automatic
262,Honda,ACCORD_EL_NAVI_2.4,2013,551900,บาท,9153 บาท /เดือน,168180,Automatic
263,Toyota,VIOS_E_1.5,2013,278900,บาท,4626 บาท /เดือน,159115,Automatic
264,MG,MG3_X_1.5,2015,238900,บาท,3962 บาท /เดือน,70995,Automatic
265,Ford,EVEREST_TITANIUM+_4WD_2.0,2018,1071900,บาท,17777 บาท /เดือน,105477,Automatic
266,Mazda,3_SP_SPORTS_2.0,2019,802900,บาท,13316 บาท /เดือน,65827,Automatic
267,Honda,CIVIC_TURBO_RS_1.5,2017,750900,บาท,12454 บาท /เดือน,144651,Automatic
268,Mitsubishi,MIRAGE_GLX_1.2,2013,228900,บาท,3796 บาท /เดือน,151635,Automatic
269,Toyota,VIOS_G_1.5,2013,326900,บาท,5422 บาท /เดือน,154719,Automatic
270,Mazda,2_HIGH_CONNECT_1.3,2016,360900,บาท,5986 บาท /เดือน,152046,Automatic
271,Honda,CITY_V+_1.5,2019,500900,บาท,8307 บาท /เดือน,47086,Automatic
272,Nissan,ALMERA_E_SPORTECH_1.2,2019,344900,บาท,5720 บาท /เดือน,50814,Automatic
273,Mazda,3_S_SPORTS_2.0,2017,547900,บาท,9087 บาท /เดือน,104818,Automatic
274,Nissan,TEANA_200_XL_NAVI_2.0,2014,503900,บาท,8357 บาท /เดือน,161692,Automatic
275,Nissan,ALMERA_EL_1.2,2016,299900,บาท,4974 บาท /เดือน,80962,Automatic
276,Toyota,VIOS_E_1.5,2014,326900,บาท,5422 บาท /เดือน,77423,Automatic
277,Toyota,CAMRY_G_2.0,2018,713900,บาท,11840 บาท /เดือน,137192,Automatic
278,Nissan,ALMERA_E_SPORTECH_1.2,2017,301900,บาท,5007 บาท /เดือน,82052,Automatic
279,Nissan,MARCH_E_1.2,2018,306900,บาท,5090 บาท /เดือน,46711,Automatic
280,Suzuki,SWIFT_GLX_1.2,2013,274900,บาท,4559 บาท /เดือน,146688,Automatic
281,Suzuki,CIAZ_GL_1.2,2017,280900,บาท,4659 บาท /เดือน,135292,Automatic
282,Ford,ECOSPORT_TREND_1.5,2017,335900,บาท,5571 บาท /เดือน,170359,Automatic
283,Honda,CITY_S_1.5,2019,439900,บาท,7296 บาท /เดือน,103625,Automatic
284,Honda,CIVIC_EL_1.8,2020,776900,บาท,12885 บาท /เดือน,75156,Automatic
285,MG,MG3_X_1.5,2016,246900,บาท,4095 บาท /เดือน,109343,Automatic
286,Mazda,2_HIGH_CONNECT_1.3,2018,406900,บาท,6748 บาท /เดือน,68969,Automatic
287,Mitsubishi,ATTRAGE_GLX_1.2,2017,291900,บาท,4841 บาท /เดือน,75060,Automatic
288,Mitsubishi,ATTRAGE_GLX_1.2,2015,252900,บาท,4194 บาท /เดือน,150996,Automatic
289,Mazda,CX-3_S_2.0,2019,595900,บาท,9883 บาท /เดือน,104692,Automatic
290,Mazda,2_GROOVE_(SEDAN)_1.5,2013,234900,บาท,3896 บาท /เดือน,136971,Automatic
291,Nissan,MARCH_E_1.2,2019,327900,บาท,5438 บาท /เดือน,86293,Automatic
292,Toyota,HILUX_VIGO_DOUBLE_CAB_E_PRERUNNER_(ABS)_2.5,2013,417900,บาท,6931 บาท /เดือน,158071,เกียร์ธรรมดา
293,Toyota,INNOVA_CRYSTA_G_2.8,2017,642900,บาท,10662 บาท /เดือน,178821,Automatic
294,Toyota,COROLLA_ALTIS_V_1.8,2019,612900,บาท,10165 บาท /เดือน,109343,Automatic
295,Isuzu,D-MAX_CAB-4_HI-LANDER_DDI_Z_DVD_1.9,2018,581900,บาท,9651 บาท /เดือน,121836,เกียร์ธรรมดา
296,Honda,CITY_SV_1.5,2018,490900,บาท,8142 บาท /เดือน,116846,Automatic
297,Nissan,TEANA_200_XL_2.0,2015,479900,บาท,7959 บาท /เดือน,158322,Automatic
298,Mitsubishi,MIRAGE_GLX_1.2,2019,306900,บาท,5090 บาท /เดือน,42683,Automatic
299,Mitsubishi,ATTRAGE_GLX_1.2,2019,305900,บาท,5073 บาท /เดือน,37574,เกียร์ธรรมดา
300,Nissan,PULSAR_V_1.8,2013,314900,บาท,5223 บาท /เดือน,65675,Automatic
301,Mazda,2_SKYACTIV_XD_HIGH_PLUS_L_1.5,2016,409900,บาท,6798 บาท /เดือน,46592,Automatic
302,Toyota,YARIS_G_1.5,2013,292900,บาท,4858 บาท /เดือน,155989,Automatic
303,Mazda,2_SPORTS_XD_HIGH_PLUS_1.5,2015,399900,บาท,6632 บาท /เดือน,135851,Automatic
304,Nissan,NOTE_VL_1.2,2018,363900,บาท,6035 บาท /เดือน,78489,Automatic
305,Honda,CIVIC_EL_1.8,2019,734900,บาท,12188 บาท /เดือน,82055,Automatic
306,Honda,CIVIC_EL_1.8,2017,657900,บาท,10911 บาท /เดือน,100067,Automatic
307,Honda,MOBILIO_RS_1.5,2019,540900,บาท,8971 บาท /เดือน,114475,Automatic
308,Suzuki,SWIFT_GLX_1.2,2013,274900,บาท,4559 บาท /เดือน,173339,Automatic
309,Mazda,2_SKYACTIV_XD_SPORTS_HIGH_PLUS_1.5,2015,399900,บาท,6632 บาท /เดือน,126830,Automatic
310,MG,MG3_XROSS_X_1.5,2017,266900,บาท,4427 บาท /เดือน,136775,Automatic
311,Honda,CITY_V+_1.5,2018,469900,บาท,7793 บาท /เดือน,123046,Automatic
312,Honda,CIVIC_EL_1.8,2020,776900,บาท,12885 บาท /เดือน,35089,Automatic
313,Toyota,FORTUNER_V_2.8,2018,1078900,บาท,17894 บาท /เดือน,130089,Automatic
314,Mazda,BT-50_PRO_FREESTYLE_CAB_V_2.2,2018,377900,บาท,6267 บาท /เดือน,44110,เกียร์ธรรมดา
315,Honda,BR-V_SV_1.5,2016,472900,บาท,7843 บาท /เดือน,158167,Automatic
316,Ford,ECOSPORT_TREND_1.5,2017,334900,บาท,5554 บาท /เดือน,117527,Automatic
317,Honda,BR-V_SV_1.5,2018,526900,บาท,8739 บาท /เดือน,93370,Automatic
318,Ford,EVEREST_TITANIUM+_4WD_2.0,2019,1072900,บาท,17794 บาท /เดือน,73170,Automatic
319,Mitsubishi,MIRAGE_GLX_1.2,2013,228900,บาท,3796 บาท /เดือน,125455,Automatic
320,Nissan,PULSAR_SV_1.6,2013,286900,บาท,4758 บาท /เดือน,126455,Automatic
321,Suzuki,SWIFT_GLX_1.2,2013,274900,บาท,4559 บาท /เดือน,138153,Automatic
322,Toyota,COROLLA_ALTIS_G_1.6,2015,375900,บาท,6234 บาท /เดือน,168500,Automatic
323,Nissan,SYLPHY_V_(NAVI)_1.8,2013,303900,บาท,5040 บาท /เดือน,173710,Automatic
324,Toyota,C-HR_HYBRID_MID_1.8,2019,745900,บาท,12371 บาท /เดือน,86090,Automatic
325,Mazda,CX-5_S_2.0,2014,455900,บาท,7561 บาท /เดือน,124290,Automatic
326,Mazda,2_SKYACTIV_XD_SPORTS_HIGH_PLUS_L_1.5,2016,409900,บาท,6798 บาท /เดือน,104071,Automatic
327,Mazda,CX-30_SP_2.0,2020,854900,บาท,14179 บาท /เดือน,18935,Automatic
328,Suzuki,SWIFT_GLX_NAVI_1.2,2018,435900,บาท,7229 บาท /เดือน,62684,Automatic
329,Honda,BRIO_AMAZE_V_1.2,2013,257900,บาท,4277 บาท /เดือน,80560,Automatic
330,Isuzu,D-MAX_CAB-4_HI-LANDER_X-SERIES_Z-PRESTIGE_1.9,2016,501900,บาท,8324 บาท /เดือน,178194,Automatic
331,Toyota,FORTUNER_V_4WD_2.4,2018,987900,บาท,16384 บาท /เดือน,136490,Automatic
332,Nissan,ALMERA_EL_1.2,2017,279900,บาท,4642 บาท /เดือน,50169,Automatic
333,Honda,MOBILIO_V_1.5,2019,486900,บาท,8075 บาท /เดือน,63216,Automatic
334,MG,MG3_X_1.5,2016,251900,บาท,4178 บาท /เดือน,124395,Automatic
335,Mazda,CX-5_C_2.0,2019,726900,บาท,12056 บาท /เดือน,101577,Automatic
336,Mitsubishi,TRITON_DOUBLE_CAB_GT_PLUS_2.4,2019,597900,บาท,9916 บาท /เดือน,107111,Automatic
337,Ford,RANGER_OPEN_CAB_HI-RIDER_WILDTRAK_2.2,2013,317900,บาท,5272 บาท /เดือน,148199,เกียร์ธรรมดา
338,Honda,HR-V_EL_1.8,2015,582900,บาท,9667 บาท /เดือน,109128,Automatic
339,Honda,BR-V_SV_1.5,2017,486900,บาท,8075 บาท /เดือน,130961,Automatic
340,Mazda,2_SPORTS_HIGH_CONNECT_1.3,2019,424900,บาท,7047 บาท /เดือน,18424,Automatic
341,Mitsubishi,ATTRAGE_GLX_1.2,2019,308900,บาท,5123 บาท /เดือน,40948,Automatic
342,Honda,CIVIC_EL_1.8,2019,734900,บาท,12188 บาท /เดือน,106735,Automatic
343,Ford,RANGER_OPEN_CAB_HI-RIDER_XLT_2.2,2016,398900,บาท,6616 บาท /เดือน,94655,เกียร์ธรรมดา
344,Mazda,2_C_SPORTS_1.3,2021,466900,บาท,7744 บาท /เดือน,12578,Automatic
345,Honda,CITY_V_1.5,2017,436900,บาท,7246 บาท /เดือน,60831,Automatic
346,Honda,CITY_RS_1.0,2020,591900,บาท,9817 บาท /เดือน,63961,Automatic
347,Mazda,2_XD_HIGH_PLUS_L_1.5,2017,467900,บาท,7760 บาท /เดือน,37569,Automatic
348,Mazda,2_HIGH_CONNECT_1.3,2019,420900,บาท,6981 บาท /เดือน,59161,Automatic
349,Honda,CITY_S_1.5,2018,416900,บาท,6914 บาท /เดือน,121116,Automatic
350,Honda,CITY_S_1.5,2018,416900,บาท,6914 บาท /เดือน,113300,Automatic
351,Toyota,YARIS_E_1.2,2014,309900,บาท,5140 บาท /เดือน,136356,Automatic
352,Nissan,ALMERA_E_SPORTECH_1.2,2018,306900,บาท,5090 บาท /เดือน,57337,Automatic
353,Mazda,3_SP_SPORTS_2.0,2019,698900,บาท,11591 บาท /เดือน,69711,Automatic
354,Mazda,3_S_SPORTS_2.0,2017,547900,บาท,9087 บาท /เดือน,162276,Automatic
355,MG,MG3_XROSS_X_1.5,2015,255900,บาท,4244 บาท /เดือน,104904,Automatic
356,Mazda,2_SPORTS_HIGH_PLUS_1.3,2019,447900,บาท,7428 บาท /เดือน,21505,Automatic
357,Nissan,SYLPHY_V_1.6,2013,290900,บาท,4825 บาท /เดือน,82102,Automatic
358,Mazda,2_SPORTS_HIGH_CONNECT_1.3,2019,421900,บาท,6997 บาท /เดือน,39806,Automatic
359,Honda,CIVIC_EL_1.8,2016,626900,บาท,10397 บาท /เดือน,161041,Automatic
360,Mazda,3_S_SPORTS_2.0,2014,422900,บาท,7014 บาท /เดือน,137749,Automatic
361,Honda,CITY_V_1.5,2017,436900,บาท,7246 บาท /เดือน,98997,Automatic
362,Suzuki,SWIFT_GLX_1.2,2013,279900,บาท,4642 บาท /เดือน,103708,Automatic
363,Honda,CIVIC_TURBO_RS_1.5,2019,869900,บาท,14427 บาท /เดือน,78156,Automatic
364,Honda,CIVIC_EL_1.8,2019,734900,บาท,12188 บาท /เดือน,105722,Automatic
365,Mazda,2_SPORTS_HIGH_CONNECT_1.3,2019,421900,บาท,6997 บาท /เดือน,54754,Automatic
366,Suzuki,SWIFT_GL_1.2,2013,269900,บาท,4476 บาท /เดือน,153133,Automatic
367,Honda,CITY_SV_1.5,2017,480900,บาท,7976 บาท /เดือน,129388,Automatic
368,Toyota,SIENTA_V_1.5,2016,508900,บาท,8440 บาท /เดือน,118058,Automatic
369,MG,ZS_D_1.5,2018,412900,บาท,6848 บาท /เดือน,144232,Automatic
370,Mitsubishi,MIRAGE_GLX_1.2,2017,277900,บาท,4609 บาท /เดือน,143637,Automatic
371,Honda,CIVIC_TURBO_RS_1.5,2019,867900,บาท,14394 บาท /เดือน,61561,Automatic
372,Honda,CITY_S_1.5,2019,436900,บาท,7246 บาท /เดือน,118111,Automatic
373,Nissan,ALMERA_E_SPORTECH_1.2,2019,344900,บาท,5720 บาท /เดือน,106147,Automatic
374,Nissan,ALMERA_E_SPORTECH_1.2,2019,344900,บาท,5720 บาท /เดือน,21098,Automatic
375,Toyota,YARIS_E_1.2,2016,338900,บาท,5621 บาท /เดือน,115650,Automatic
376,Suzuki,SWIFT_GLX_1.2,2013,279900,บาท,4642 บาท /เดือน,127144,Automatic
377,Suzuki,CELERIO_GL_1.0,2018,259900,บาท,4310 บาท /เดือน,110415,Automatic
378,Nissan,MARCH_E_1.2,2016,262900,บาท,4360 บาท /เดือน,81308,Automatic
379,Mitsubishi,MIRAGE_GLX_1.2,2016,273900,บาท,4543 บาท /เดือน,79760,Automatic
380,Nissan,ALMERA_E_SPORTECH_1.2,2019,344900,บาท,5720 บาท /เดือน,65530,Automatic
381,Nissan,MARCH_E_1.2,2019,327900,บาท,5438 บาท /เดือน,80548,Automatic
382,Honda,CIVIC_EL_1.8,2019,734900,บาท,12188 บาท /เดือน,61152,Automatic
383,Toyota,YARIS_G_1.2,2016,359900,บาท,5969 บาท /เดือน,162507,Automatic
384,Mazda,2_XD_HIGH_PLUS_L_1.5,2017,440900,บาท,7312 บาท /เดือน,86480,Automatic
385,Toyota,YARIS_MID_1.2,2020,453900,บาท,7528 บาท /เดือน,61515,Automatic
386,Mitsubishi,MIRAGE_GLX_1.2,2017,277900,บาท,4609 บาท /เดือน,113815,Automatic
387,Honda,JAZZ_S_1.5,2018,463900,บาท,7694 บาท /เดือน,126270,Automatic
388,Mazda,2_SPORTS_HIGH_CONNECT_1.3,2018,401900,บาท,6666 บาท /เดือน,66111,Automatic
389,Mazda,2_SP_1.3,2020,463900,บาท,7694 บาท /เดือน,66482,Automatic
390,Honda,CITY_RS_1.0,2020,582900,บาท,9667 บาท /เดือน,59977,Automatic
391,Honda,CITY_V+_1.5,2018,469900,บาท,7793 บาท /เดือน,119551,Automatic
392,Honda,CITY_V_1.5,2018,442900,บาท,7345 บาท /เดือน,96075,Automatic
393,Suzuki,CELERIO_GX_1.0,2019,286900,บาท,4758 บาท /เดือน,79759,Automatic
394,Nissan,ALMERA_E_SPORTECH_1.2,2018,334900,บาท,5554 บาท /เดือน,84914,Automatic
395,Mazda,2_SP_SPORTS_(HATCHBACK)_1.3,2020,489900,บาท,8125 บาท /เดือน,42409,Automatic
396,Mitsubishi,MIRAGE_GLX_1.2,2017,277900,บาท,4609 บาท /เดือน,34381,Automatic
397,Mazda,2_HIGH_CONNECT_1.3,2019,418900,บาท,6947 บาท /เดือน,64488,Automatic
398,Honda,JAZZ_V_1.5,2018,487900,บาท,8092 บาท /เดือน,49069,Automatic
399,Mazda,2_S_(LEATHER)_1.3,2020,482900,บาท,8009 บาท /เดือน,24455,Automatic
400,Toyota,SIENTA_V_1.5,2017,527900,บาท,8755 บาท /เดือน,120588,Automatic
401,Suzuki,CIAZ_GL_1.2,2018,297900,บาท,4941 บาท /เดือน,99540,Automatic
402,Mazda,BT-50_PRO_DOUBLE_CAB_HI-RACER_2.2,2014,377900,บาท,6267 บาท /เดือน,137258,Automatic
403,Toyota,CAMRY_G_2.0,2016,458900,บาท,7611 บาท /เดือน,112284,Automatic
404,Subaru,XV_SPORTS_2.0,2015,360900,บาท,5986 บาท /เดือน,127988,Automatic
405,Mitsubishi,PAJERO_SPORT_GT_4WD_3.2,2010,300900,บาท,4990 บาท /เดือน,203035,Automatic
406,Suzuki,CIAZ_GLX_1.2,2015,195900,บาท,3249 บาท /เดือน,195232,Automatic
407,Mazda,BT-50_PRO_FREESTYLE_CAB_HI-RACER_2.2,2019,315900,บาท,5239 บาท /เดือน,43109,เกียร์ธรรมดา
408,Ford,RANGER_DOUBLE_CAB_HI-RIDER_XLT_2.2,2017,360900,บาท,5986 บาท /เดือน,85246,Automatic
409,Mitsubishi,TRITON_DOUBLE_CAB_PLUS_GLS_LIMITED_EDITION_2.4,2018,416900,บาท,6914 บาท /เดือน,40313,Automatic
410,Mitsubishi,TRITON_MEGA_CAB_GLX_2.5,2018,252900,บาท,4194 บาท /เดือน,45119,เกียร์ธรรมดา
411,Nissan,JUKE_V_1.6,2014,254900,บาท,4228 บาท /เดือน,172809,Automatic
412,Mitsubishi,TRITON_MEGA_CAB_GT_PLUS_2.4,2018,442900,บาท,7345 บาท /เดือน,55176,เกียร์ธรรมดา
413,Honda,CR-V_S_2.0,2013,398900,บาท,6616 บาท /เดือน,173527,Automatic
414,MG,HS_PHEV_1.5,2020,682900,บาท,11326 บาท /เดือน,30378,Automatic
415,Isuzu,D-MAX_CAB-4_V-CROSS_MAX_Z-PRESTIGE_4WD_3.0,2018,581900,บาท,9651 บาท /เดือน,54348,Automatic
416,Mitsubishi,PAJERO_SPORT_GT_4WD_2.5,2014,424900,บาท,7047 บาท /เดือน,107799,Automatic
417,Suzuki,SWIFT_GLX_1.2,2013,203900,บาท,3382 บาท /เดือน,113002,Automatic
418,Honda,HR-V_E_LIMITED_1.8,2016,441900,บาท,7329 บาท /เดือน,148737,Automatic
419,Mazda,CX-5_XDL_(4WD)_2.2,2017,526900,บาท,8739 บาท /เดือน,132888,Automatic
420,Honda,HR-V_RS_1.8,2018,562900,บาท,9336 บาท /เดือน,104307,Automatic
421,Suzuki,CIAZ_GL_1.2,2021,359900,บาท,5969 บาท /เดือน,19634,Automatic
422,Nissan,TEANA_200_XL_2.0,2014,368900,บาท,6118 บาท /เดือน,166484,Automatic
423,Ford,EVEREST_TITANIUM+_2.2,2017,685900,บาท,11376 บาท /เดือน,135937,Automatic
424,Toyota,CAMRY_G_2.0,2016,501900,บาท,8324 บาท /เดือน,161945,Automatic
425,Honda,BRIO_AMAZE_V_1.2,2018,261900,บาท,4344 บาท /เดือน,112299,Automatic
426,Honda,CR-V_E_2WD_2.4,2018,642900,บาท,10662 บาท /เดือน,131596,Automatic
427,Mitsubishi,TRITON_MEGA_CAB_GLX_2.5,2018,289900,บาท,4808 บาท /เดือน,79058,เกียร์ธรรมดา
428,Mazda,3_SP_SPORTS_2.0,2014,358900,บาท,5952 บาท /เดือน,134489,Automatic
429,Mitsubishi,TRITON_DOUBLE_CAB_PLUS_GT_2.4,2019,461900,บาท,7661 บาท /เดือน,107573,Automatic
430,Honda,HR-V_RS_1.8,2018,599900,บาท,9949 บาท /เดือน,141474,Automatic
431,Mitsubishi,TRITON_MEGA_CAB_PLUS_GLX_2.4,2017,329900,บาท,5471 บาท /เดือน,157456,เกียร์ธรรมดา
432,Nissan,JUKE_V_1.6,2014,272900,บาท,4526 บาท /เดือน,152763,Automatic
433,Mazda,CX-5_SP_2.0,2018,593900,บาท,9850 บาท /เดือน,83567,Automatic
434,Mazda,CX-5_XD_2.2,2019,680900,บาท,11293 บาท /เดือน,105506,Automatic
435,Ford,RANGER_DOUBLE_CAB_HI-RIDER_WILDTRAK_2.2,2016,479900,บาท,7959 บาท /เดือน,167991,Automatic
436,Mazda,2_XD_HIGH_PLUS_L_1.5,2017,338900,บาท,5621 บาท /เดือน,144342,Automatic
437,Mazda,2_GROOVE_(SEDAN)_1.5,2013,185900,บาท,3083 บาท /เดือน,153451,Automatic
438,Toyota,COROLLA_ALTIS_G_1.6,2018,367900,บาท,6102 บาท /เดือน,139668,Automatic
439,MG,ZS_X_1.5,2018,339900,บาท,5637 บาท /เดือน,137277,Automatic
440,Toyota,COROLLA_ALTIS_G_1.6,2017,358900,บาท,5952 บาท /เดือน,145829,Automatic
441,Isuzu,D-MAX_SPACECAB_HI-LANDER_DDI_Z_2.5,2014,375900,บาท,6234 บาท /เดือน,79799,เกียร์ธรรมดา
442,Mitsubishi,TRITON_DOUBLE_CAB_PLUS_GLS_2.4,2018,420900,บาท,6981 บาท /เดือน,102176,เกียร์ธรรมดา
443,Ford,EVEREST_TITANIUM+_4WD_2.0,2018,836900,บาท,13880 บาท /เดือน,124540,Automatic
444,Honda,CR-V_SE_2.0,2016,558900,บาท,9269 บาท /เดือน,87523,Automatic
445,Ford,EVEREST_TITANIUM+_4WD_3.2,2016,650900,บาท,10795 บาท /เดือน,152192,Automatic
446,Nissan,MARCH_E_1.2,2018,242900,บาท,4028 บาท /เดือน,66276,Automatic
447,Mitsubishi,ATTRAGE_GLS_LIMITED_EDITION_1.2,2018,282900,บาท,4692 บาท /เดือน,51828,Automatic
448,Toyota,COROLLA_ALTIS_G_1.6,2018,498900,บาท,8274 บาท /เดือน,148028,Automatic
449,Honda,BR-V_SV_1.5,2017,376900,บาท,6251 บาท /เดือน,136824,Automatic
450,MG,ZS_X_1.5,2018,318900,บาท,5289 บาท /เดือน,146691,Automatic
451,Toyota,SIENTA_G_1.5,2017,375900,บาท,6234 บาท /เดือน,152003,Automatic
452,Isuzu,D-MAX_SPACECAB_HI-LANDER_DDI_Z_(VGS)_2.5,2015,403900,บาท,6699 บาท /เดือน,85674,เกียร์ธรรมดา
453,MG,MG3_X_1.5,2017,210900,บาท,3498 บาท /เดือน,137865,Automatic
454,Toyota,VIOS_E_1.5,2018,403900,บาท,6699 บาท /เดือน,116615,Automatic
455,MG,HS_X_SUNROOF_1.5,2019,523900,บาท,8689 บาท /เดือน,89617,Automatic
456,MG,ZS_X_1.5,2018,318900,บาท,5289 บาท /เดือน,92486,Automatic
457,Ford,ECOSPORT_TITANIUM_1.5,2014,227900,บาท,3780 บาท /เดือน,169345,Automatic
458,Toyota,HILUX_REVO_DOUBLE_CAB_G_PRERUNNER_ROCCO_2.8,2019,674900,บาท,11193 บาท /เดือน,76714,Automatic
459,Subaru,XV_I_2.0,2014,322900,บาท,5355 บาท /เดือน,176986,Automatic
460,Mitsubishi,TRITON_MEGA_CAB_PLUS_GLS_2.4,2018,360900,บาท,5986 บาท /เดือน,124183,เกียร์ธรรมดา
461,Ford,EVEREST_TITANIUM+_(2WD)_2.0,2019,824900,บาท,13681 บาท /เดือน,102650,Automatic
462,Honda,ACCORD_EL_2.0,2013,403900,บาท,6699 บาท /เดือน,173038,Automatic
463,MG,MG3_X_1.5,2016,201900,บาท,3349 บาท /เดือน,123054,Automatic
464,MG,HS_X_SUNROOF_1.5,2020,538900,บาท,8938 บาท /เดือน,80034,Automatic
465,Isuzu,D-MAX_SPACECAB_HI-LANDER_DDI_Z_(VGS)_2.5,2015,448900,บาท,7445 บาท /เดือน,112037,Automatic
466,Isuzu,D-MAX_SPACECAB_HI-LANDER_DDI_Z_1.9,2016,374900,บาท,6218 บาท /เดือน,125463,เกียร์ธรรมดา
467,Ford,ECOSPORT_TITANIUM_1.5,2014,275900,บาท,4576 บาท /เดือน,140838,Automatic
468,Mitsubishi,ATTRAGE_GLS_LIMITED_EDITION_1.2,2013,238900,บาท,3962 บาท /เดือน,174522,Automatic
469,MG,HS_X_SUNROOF_1.5,2019,634900,บาท,10530 บาท /เดือน,45156,Automatic
470,Ford,RANGER_DOUBLE_CAB_HI-RIDER_XLT_2.2,2017,384900,บาท,6384 บาท /เดือน,139571,เกียร์ธรรมดา
471,Ford,ECOSPORT_TREND_1.5,2016,227900,บาท,3780 บาท /เดือน,150129,Automatic
472,Mitsubishi,TRITON_DOUBLE_CAB_PLUS_GT_2.4,2019,597900,บาท,9916 บาท /เดือน,92393,Automatic
473,Toyota,CAMRY_G_2.0,2016,607900,บาท,10082 บาท /เดือน,156835,Automatic
474,Toyota,COROLLA_ALTIS_G_1.6,2017,358900,บาท,5952 บาท /เดือน,172434,Automatic
475,Toyota,CAMRY_G_2.0,2018,681900,บาท,11309 บาท /เดือน,74285,Automatic
476,Ford,RANGER_DOUBLE_CAB_TURBO_LIMITED_HI-RIDER_2.0,2018,497900,บาท,8258 บาท /เดือน,108701,Automatic
477,Isuzu,D-MAX_DOUBLE_CAB_V-CROSS_Z-PRESTIGE_(4WD)_3.0,2017,540900,บาท,8971 บาท /เดือน,104253,Automatic
478,Mitsubishi,TRITON_MEGA_CAB_GLX_PLUS_2.4,2019,435900,บาท,7229 บาท /เดือน,107764,เกียร์ธรรมดา
479,Mazda,3_S_SPORTS_2.0,2015,411900,บาท,6831 บาท /เดือน,132211,Automatic
480,Subaru,FORESTER_I-S_2.0,2019,713900,บาท,11840 บาท /เดือน,38118,Automatic
481,Subaru,FORESTER_I-S_ES_(EYE-SIGHT)_2.0,2020,856900,บาท,14212 บาท /เดือน,18671,Automatic
482,Honda,BR-V_SV_1.5,2016,440900,บาท,7312 บาท /เดือน,96787,Automatic
483,Mazda,CX-5_XDL_(4WD)_2.2,2018,696900,บาท,11558 บาท /เดือน,103285,Automatic
484,Mitsubishi,TRITON_MEGA_CAB_PLUS_GLS_2.5,2013,252900,บาท,4194 บาท /เดือน,128866,เกียร์ธรรมดา
485,MG,MG3_D_1.5,2018,202900,บาท,3365 บาท /เดือน,74998,Automatic
486,MG,ZS_X_1.5,2019,450900,บาท,7478 บาท /เดือน,66625,Automatic
487,Isuzu,D-MAX_CAB_HI-LANDER_4_DOOR_DDI_Z-PRESTIGE_1.9,2016,444900,บาท,7379 บาท /เดือน,142817,Automatic
488,Nissan,NOTE_VL_1.2,2017,343900,บาท,5704 บาท /เดือน,41018,Automatic
489,Mitsubishi,TRITON_DOUBLE_CAB_PLUS_GLS_MIVEC_2.4,2019,583900,บาท,9684 บาท /เดือน,60844,เกียร์ธรรมดา
490,Toyota,VIOS_G_1.5,2013,326900,บาท,5422 บาท /เดือน,76253,Automatic
491,Honda,BR-V_SV_1.5,2016,440900,บาท,7312 บาท /เดือน,133373,Automatic
492,Nissan,JUKE_V_1.6,2014,330900,บาท,5488 บาท /เดือน,54026,Automatic
493,Honda,ACCORD_TURBO_EL_1.5,2019,1009900,บาท,16749 บาท /เดือน,31275,Automatic
494,Honda,JAZZ_S_1.5,2019,444900,บาท,7379 บาท /เดือน,77509,เกียร์ธรรมดา
495,Nissan,ALMERA_E_SPORTECH_1.2,2019,344900,บาท,5720 บาท /เดือน,31715,Automatic
496,MG,ZS_X_1.5,2018,444900,บาท,7379 บาท /เดือน,72651,Automatic
497,MG,MG3_D_1.5,2017,235900,บาท,3912 บาท /เดือน,159830,Automatic
498,Ford,RANGER_DOUBLE_CAB_HI-RIDER_XLT_2.2,2017,485900,บาท,8059 บาท /เดือน,108972,เกียร์ธรรมดา
499,Mitsubishi,TRITON_DOUBLE_CAB_PLUS_GLS_LIMITED_EDITION_2.4,2016,477900,บาท,7926 บาท /เดือน,111782,เกียร์ธรรมดา
500,Honda,BR-V_SV_1.5,2019,563900,บาท,9352 บาท /เดือน,83145,Automatic
501,MG,GS_X_SUNROOF_1.5,2017,372900,บาท,6185 บาท /เดือน,137275,Automatic
502,Mazda,CX-3_E_2.0,2016,416900,บาท,6914 บาท /เดือน,77190,Automatic
503,Mitsubishi,MIRAGE_GLX_1.2,2019,295900,บาท,4908 บาท /เดือน,71652,เกียร์ธรรมดา
504,Nissan,TEANA_200_XL_2.0,2015,479900,บาท,7959 บาท /เดือน,85099,Automatic
505,Mazda,2_HIGH_CONNECT_1.3,2019,415900,บาท,6898 บาท /เดือน,112085,Automatic
506,MG,HS_X_SUNROOF_1.5,2021,542900,บาท,9004 บาท /เดือน,19280,Automatic
507,Honda,CIVIC_S_1.8,2013,297900,บาท,4941 บาท /เดือน,171566,Automatic
508,Nissan,NP300_NAVARA_DOUBLE_CAB_E_CALIBRE_BLACK_EDITION_2.5,2018,467900,บาท,7760 บาท /เดือน,32850,เกียร์ธรรมดา
509,MG,ZS_D_1.5,2018,398900,บาท,6616 บาท /เดือน,109401,Automatic
510,Honda,CIVIC_EL_1.8,2016,601900,บาท,9983 บาท /เดือน,143485,Automatic
511,Toyota,CAMRY_G_2.0,2018,695900,บาท,11542 บาท /เดือน,84215,Automatic
512,MG,MG3_V_1.5,2018,333900,บาท,5538 บาท /เดือน,36721,Automatic
513,Mitsubishi,TRITON_DOUBLE_CAB_PLUS_GLS_MIVEC_2.4,2019,525900,บาท,8722 บาท /เดือน,32591,เกียร์ธรรมดา
514,Ford,RANGER_DOUBLE_CAB_HI-RIDER_WILDTRAK_2.0,2019,688900,บาท,11425 บาท /เดือน,60843,Automatic
515,Honda,HR-V_RS_1.8,2018,750900,บาท,12454 บาท /เดือน,67343,Automatic
516,Isuzu,D-MAX_DOUBLE_CAB_V-CROSS_Z-PRESTIGE_(4WD)_3.0,2017,488900,บาท,8108 บาท /เดือน,122990,เกียร์ธรรมดา
517,Honda,JAZZ_RS_1.5,2018,432900,บาท,7180 บาท /เดือน,128165,Automatic
518,Mitsubishi,TRITON_MEGA_CAB_PLUS_GLS_2.4,2018,446900,บาท,7412 บาท /เดือน,54645,เกียร์ธรรมดา
519,Mitsubishi,MIRAGE_GLX_1.2,2018,300900,บาท,4990 บาท /เดือน,93043,Automatic
520,Toyota,HILUX_REVO_SMART_CAB_J_PLUS_2.4,2017,420900,บาท,6981 บาท /เดือน,90419,เกียร์ธรรมดา
521,Suzuki,CIAZ_RS_1.2,2016,323900,บาท,5372 บาท /เดือน,131857,Automatic
522,Nissan,ALMERA_E_1.2,2015,249900,บาท,4145 บาท /เดือน,148647,Automatic
523,Nissan,ALMERA_E_SPORTECH_1.2,2018,321900,บาท,5339 บาท /เดือน,122909,Automatic
524,Honda,CIVIC_EL_1.8,2017,660900,บาท,10961 บาท /เดือน,107271,Automatic
525,Toyota,YARIS_ATIV_HIGH_1.2,2019,439900,บาท,7296 บาท /เดือน,39268,Automatic
526,MG,ZS_X_1.5,2018,435900,บาท,7229 บาท /เดือน,53463,Automatic
527,Mitsubishi,ATTRAGE_GLX_1.2,2018,291900,บาท,4841 บาท /เดือน,76826,Automatic
528,Toyota,COROLLA_ALTIS_G_1.6,2017,443900,บาท,7362 บาท /เดือน,140650,Automatic
529,Suzuki,ERTIGA_GX_1.5,2019,493900,บาท,8191 บาท /เดือน,74797,Automatic
530,Honda,HR-V_EL_1.8,2015,548900,บาท,9104 บาท /เดือน,172187,Automatic
531,Toyota,YARIS_ATIV_S+_1.2,2019,446900,บาท,7412 บาท /เดือน,75515,Automatic
532,Honda,BRIO_AMAZE_V_1.2,2018,352900,บาท,5853 บาท /เดือน,52674,Automatic
533,Honda,CITY_V+_1.5,2019,500900,บาท,8307 บาท /เดือน,85943,Automatic
534,Mitsubishi,MIRAGE_GLS_1.2,2016,263200,บาท,4365 บาท /เดือน,118513,Automatic
535,Mazda,2_HIGH_CONNECT_1.3,2019,415900,บาท,6898 บาท /เดือน,96758,Automatic
536,Suzuki,SWIFT_GLX_NAVI_1.2,2018,435900,บาท,7229 บาท /เดือน,109237,Automatic
537,Suzuki,CIAZ_GL_1.2,2017,280900,บาท,4659 บาท /เดือน,61896,Automatic
538,Suzuki,SWIFT_GL_1.2,2019,377900,บาท,6267 บาท /เดือน,88526,Automatic
539,Mazda,3_S_SPORTS_2.0,2017,547900,บาท,9087 บาท /เดือน,123019,Automatic
540,Nissan,ALMERA_E_1.2,2015,249900,บาท,4145 บาท /เดือน,142103,Automatic
541,Mitsubishi,PAJERO_SPORT_GT_VG_TURBO_2.5,2013,474900,บาท,7876 บาท /เดือน,147692,Automatic
542,Honda,MOBILIO_RS_1.5,2018,517900,บาท,8589 บาท /เดือน,125937,Automatic
543,Mazda,2_GROOVE_SPORTS_(HATCHBACK)_1.5,2014,249900,บาท,4145 บาท /เดือน,117087,Automatic
544,Suzuki,CIAZ_GL_1.2,2015,262900,บาท,4360 บาท /เดือน,160988,Automatic
545,Honda,CIVIC_ES_1.8,2014,460900,บาท,7644 บาท /เดือน,177477,Automatic
546,Mazda,2_SPORTS_XD_1.5,2017,426900,บาท,7080 บาท /เดือน,153050,Automatic
547,Honda,CITY_S_1.5,2013,298900,บาท,4957 บาท /เดือน,40387,Automatic
548,Mazda,2_SKYACTIV_SPORTS_HIGH_PLUS_1.3,2016,359900,บาท,5969 บาท /เดือน,138124,Automatic
549,Ford,ECOSPORT_TREND_1.5,2015,301900,บาท,5007 บาท /เดือน,155440,Automatic
550,Toyota,YARIS_J_1.2,2015,319900,บาท,5306 บาท /เดือน,135971,Automatic
551,Toyota,YARIS_ATIV_MID_1.2,2020,437900,บาท,7263 บาท /เดือน,79112,Automatic
552,Mazda,BT-50_PRO_DOUBLE_CAB_HI-RACER_2.2,2013,365900,บาท,6068 บาท /เดือน,158655,เกียร์ธรรมดา
553,Isuzu,MU-X_DA_DVD_2WD_3.0,2018,830900,บาท,13780 บาท /เดือน,121947,Automatic
554,Mitsubishi,XPANDER_GLS_LIMITED_1.5,2018,458900,บาท,7611 บาท /เดือน,114964,Automatic
555,Hyundai,H1_ELITE_2.5,2018,1095900,บาท,18176 บาท /เดือน,140773,Automatic
556,Honda,CIVIC_EL_1.8,2018,676900,บาท,11226 บาท /เดือน,96857,Automatic
557,Nissan,NOTE_VL_1.2,2017,358900,บาท,5952 บาท /เดือน,97867,Automatic
