index,brand,model,year,price,currency,kilometers_driven,transmission_type,pay_per_month_value,pay_per_month_unit
0,Nissan,TEANA_250_XV_V6_SUNROOF_NAVIGATION_2.5,2010,250900,THB,250103,Automatic,4161,THB/MONTH
1,Honda,CR-V_S_2.0,2013,398900,THB,173527,Automatic,6616,THB/MONTH
2,MG,HS_PHEV_1.5,2020,682900,THB,30378,Automatic,11326,THB/MONTH
3,Ford,EVEREST_TITANIUM+_2.2,2017,685900,THB,135937,Automatic,11376,THB/MONTH
4,Subaru,XV_I-P_2.0,2017,506900,THB,142766,Automatic,8407,THB/MONTH
5,Subaru,FORESTER_I-S_ES_(EYE-SIGHT)_2.0,2020,804900,THB,78647,Automatic,13349,THB/MONTH
6,Nissan,JUKE_V_1.6,2014,330900,THB,160743,Automatic,5488,THB/MONTH
7,MG,HS_X_SUNROOF_1.5,2019,523900,THB,89617,Automatic,8689,THB/MONTH
8,Mazda,3_SP_SPORTS_2.0,2014,435900,THB,165945,Automatic,7229,THB/MONTH
9,Mazda,CX-5_TURBO_SP_(4WD)_2.5,2019,1138900,THB,24085,Automatic,18889,THB/MONTH
10,MG,HS_X_SUNROOF_1.5,2020,538900,THB,80034,Automatic,8938,THB/MONTH
11,Isuzu,D-MAX_CAB-4_HI-LANDER_X-SERIES_Z_2.5,2015,508900,THB,153278,Manual,8440,THB/MONTH
12,Toyota,COROLLA_ALTIS_G_1.6,2019,502900,THB,108869,Automatic,8341,THB/MONTH
13,Isuzu,D-MAX_BLUE_POWER_CAB-4_HI-LANDER_DDI_Z-PRESTIGE_3.0,2019,630900,THB,110049,Manual,10463,THB/MONTH
14,Mitsubishi,XPANDER_GT_1.5,2018,568900,THB,122056,Automatic,9435,THB/MONTH
15,MG,ZS_X_1.5,2018,435900,THB,98543,Automatic,7229,THB/MONTH
16,Ford,RANGER_DOUBLE_CAB_HI-RIDER_WILDTRAK_2.2,2018,667900,THB,102122,Automatic,11077,THB/MONTH
17,Honda,CITY_V_1.5,2019,471900,THB,108424,Automatic,7826,THB/MONTH
18,Mitsubishi,ATTRAGE_GLS_LIMITED_EDITION_1.2,2018,357900,THB,51736,Automatic,5936,THB/MONTH
19,Ford,EVEREST_TITANIUM+_4WD_2.0,2018,1043900,THB,113579,Automatic,17313,THB/MONTH
20,Nissan,JUKE_V_1.6,2014,326900,THB,108661,Automatic,5422,THB/MONTH
21,Mitsubishi,TRITON_DOUBLE_CAB_PLUS_GT_PREMIUM_2.4,2018,573900,THB,143895,Manual,9518,THB/MONTH
22,Toyota,HILUX_REVO_SMART_CAB_E_PRERUNNER_2.4,2019,487900,THB,54979,Manual,8092,THB/MONTH
23,Mitsubishi,ATTRAGE_GLS_1.2,2018,310900,THB,96222,Automatic,5156,THB/MONTH
24,Mitsubishi,MIRAGE_GLX_1.2,2018,300900,THB,104585,Automatic,4990,THB/MONTH
25,Ford,EVEREST_LTD_TDCI_4WD_3.0,2009,265900,THB,274099,Automatic,4410,THB/MONTH
26,Nissan,JUKE_V_1.6,2015,361900,THB,127291,Automatic,6002,THB/MONTH
27,Toyota,CAMRY_G_2.0,2016,607900,THB,156835,Automatic,10082,THB/MONTH
28,Toyota,VIOS_J_1.5,2018,393900,THB,135362,Automatic,6533,THB/MONTH
29,Mitsubishi,XPANDER_GLS_LIMITED_1.5,2018,531900,THB,106258,Automatic,8822,THB/MONTH
30,Toyota,CAMRY_G_2.0,2019,903900,THB,101500,Automatic,14991,THB/MONTH
31,MG,MG3_V_SUNROOF_1.5,2017,255900,THB,61986,Automatic,4244,THB/MONTH
32,Toyota,VIOS_E_1.5,2018,403900,THB,114967,Automatic,6699,THB/MONTH
33,Subaru,FORESTER_I-S_2.0,2019,871900,THB,82483,Automatic,14460,THB/MONTH
34,Toyota,YARIS_ATIV_J_1.2,2018,359900,THB,102605,Automatic,5969,THB/MONTH
35,Toyota,HILUX_REVO_SMART_CAB_E_PLUS_PRERUNNER_2.4,2017,484900,THB,133695,Automatic,8042,THB/MONTH
36,Honda,HR-V_RS_1.8,2019,742900,THB,79126,Automatic,12321,THB/MONTH
37,Mitsubishi,PAJERO_SPORT_GT_PREMIUM_2WD_2.4,2019,976900,THB,91051,Automatic,16202,THB/MONTH
38,Toyota,CAMRY_G_EXTREMO_2.0,2018,779900,THB,50423,Automatic,12935,THB/MONTH
39,Honda,MOBILIO_RS_1.5,2019,519900,THB,80251,Automatic,8623,THB/MONTH
40,MG,MG3_X_1.5,2016,251900,THB,77958,Automatic,4178,THB/MONTH
41,MG,ZS_X_1.5,2019,450900,THB,103200,Automatic,7478,THB/MONTH
42,Ford,RANGER_OPEN_CAB_HI-RIDER_XLT_2.2,2014,336900,THB,152688,Manual,5587,THB/MONTH
43,Mazda,3_E_2.0,2018,454900,THB,140058,Automatic,7545,THB/MONTH
44,Honda,CITY_V+_1.5,2016,425900,THB,96805,Automatic,7064,THB/MONTH
45,Toyota,VIOS_J_1.5,2018,393900,THB,122749,Automatic,6533,THB/MONTH
46,Toyota,VIOS_E_1.5,2018,403900,THB,137246,Automatic,6699,THB/MONTH
47,Toyota,CAMRY_G_2.0,2018,681900,THB,136630,Automatic,11309,THB/MONTH
48,Mazda,3_E_2.0,2018,454900,THB,142911,Automatic,7545,THB/MONTH
49,Ford,RANGER_DOUBLE_CAB_HI-RIDER_XLT_2.2,2018,482900,THB,62960,Manual,8009,THB/MONTH
50,Honda,BR-V_SV_1.5,2017,466900,THB,163096,Automatic,7744,THB/MONTH
51,Mitsubishi,XPANDER_GLS_LIMITED_1.5,2018,531900,THB,59857,Automatic,8822,THB/MONTH
52,Mitsubishi,ATTRAGE_GLX_1.2,2019,308900,THB,84525,Automatic,5123,THB/MONTH
53,Toyota,SIENTA_V_1.5,2018,528900,THB,123738,Automatic,8772,THB/MONTH
54,Subaru,XV_I_2.0,2014,417900,THB,157276,Automatic,6931,THB/MONTH
55,Ford,RANGER_OPEN_CAB_HI-RIDER_XLT_2.2,2019,468900,THB,113726,Manual,7777,THB/MONTH
56,Toyota,VIOS_G_1.5,2013,326900,THB,76253,Automatic,5422,THB/MONTH
57,Isuzu,"D-MAX_CAB-4_HI-LANDER_DDI_Z-PRESTIGE_(VGS,_NAVI)_2.5",2013,433900,THB,165858,Automatic,7196,THB/MONTH
58,Honda,BR-V_SV_1.5,2016,440900,THB,133373,Automatic,7312,THB/MONTH
59,Suzuki,SWIFT_GL_1.2,2013,273900,THB,101465,Automatic,4543,THB/MONTH
60,Subaru,FORESTER_I-S_ES_(EYE-SIGHT)_2.0,2019,895900,THB,84056,Automatic,14859,THB/MONTH
61,Toyota,COROLLA_ALTIS_G_1.6,2019,590900,THB,92406,Automatic,9800,THB/MONTH
62,Toyota,VIOS_J_1.5,2016,344900,THB,162443,Automatic,5720,THB/MONTH
63,Toyota,HILUX_REVO_SMART_CAB_E_PRERUNNER_2.4,2018,487900,THB,130332,Automatic,8092,THB/MONTH
64,Toyota,VIOS_MID_1.5,2019,453900,THB,46284,Automatic,7528,THB/MONTH
65,Subaru,FORESTER_I-P_2.0,2016,596900,THB,135826,Automatic,9900,THB/MONTH
66,Suzuki,CIAZ_GL_1.2,2022,414900,THB,18234,Automatic,6881,THB/MONTH
67,MG,ZS_X_1.5,2018,444900,THB,72651,Automatic,7379,THB/MONTH
68,Nissan,JUKE_E_1.6,2014,331900,THB,105610,Automatic,5505,THB/MONTH
69,Ford,ECOSPORT_TREND_1.5,2017,338900,THB,100774,Automatic,5621,THB/MONTH
70,Mitsubishi,MIRAGE_GLX_1.2,2019,340900,THB,20272,Automatic,5654,THB/MONTH
71,Nissan,TEANA_200_XL_NAVI_2.0,2015,495900,THB,69217,Automatic,8225,THB/MONTH
72,Ford,ECOSPORT_TITANIUM_1.5,2018,359900,THB,104166,Automatic,5969,THB/MONTH
73,Isuzu,D-MAX_DOUBLE_CAB_HI-LANDER_Z_1.9,2017,605900,THB,122662,Manual,10049,THB/MONTH
74,MG,MG3_D_1.5,2015,230900,THB,171783,Automatic,3829,THB/MONTH
75,Mitsubishi,TRITON_MEGA_CAB_GT_PLUS_2.4,2018,482900,THB,62328,Manual,8009,THB/MONTH
76,MG,MG3_XROSS_X_1.5,2015,255900,THB,98764,Automatic,4244,THB/MONTH
77,Mitsubishi,TRITON_DOUBLE_CAB_PLUS_GLS_LIMITED_EDITION_2.4,2016,477900,THB,111782,Manual,7926,THB/MONTH
78,Toyota,VIOS_E_1.5,2018,403900,THB,128429,Automatic,6699,THB/MONTH
79,Ford,ECOSPORT_AMBIENTE_1.5,2015,258900,THB,113768,Automatic,4294,THB/MONTH
80,Honda,CITY_S_1.5,2019,439900,THB,107752,Automatic,7296,THB/MONTH
81,Toyota,CAMRY_G_2.0,2019,921900,THB,100546,Automatic,15290,THB/MONTH
82,MG,MG3_X_1.5,2017,265900,THB,48386,Automatic,4410,THB/MONTH
83,Honda,JAZZ_V_1.5,2015,427900,THB,167903,Automatic,7097,THB/MONTH
84,Ford,RANGER_DOUBLE_CAB_HI-RIDER_WILDTRAK_2.2,2016,547900,THB,121349,Manual,9087,THB/MONTH
85,Mitsubishi,TRITON_MEGA_CAB_GT_PLUS_2.4,2018,482900,THB,78822,Manual,8009,THB/MONTH
86,Toyota,CAMRY_G_2.0,2018,908900,THB,143762,Automatic,15074,THB/MONTH
87,Honda,CIVIC_EL_1.8,2016,601900,THB,161522,Automatic,9983,THB/MONTH
88,Toyota,VIOS_HIGH_1.5,2019,502900,THB,38323,Automatic,8341,THB/MONTH
89,Nissan,ALMERA_E_SPORTECH_1.2,2017,301900,THB,131730,Automatic,5007,THB/MONTH
90,Honda,CIVIC_EL_1.8,2018,652900,THB,104615,Automatic,10828,THB/MONTH
91,Suzuki,SWIFT_GLX_1.2,2013,274900,THB,120888,Automatic,4559,THB/MONTH
92,Mazda,CX-5_XD_2.2,2019,1009900,THB,85775,Automatic,16749,THB/MONTH
93,Mazda,CX-3_E_2.0,2016,416900,THB,77190,Automatic,6914,THB/MONTH
94,Nissan,X-TRAIL_V_4WD_2.0,2016,533900,THB,136930,Automatic,8855,THB/MONTH
95,Ford,EVEREST_TITANIUM+_4WD_3.2,2017,881900,THB,157315,Automatic,14626,THB/MONTH
96,Ford,RANGER_DOUBLE_CAB_4WD_WILDTRAK_3.2,2014,507900,THB,115642,Automatic,8424,THB/MONTH
97,MG,MG3_D_1.5,2016,232900,THB,128176,Automatic,3863,THB/MONTH
98,Mazda,3_SP_2.0,2019,805900,THB,63437,Automatic,13366,THB/MONTH
99,Toyota,YARIS_ATIV_S_1.2,2018,434900,THB,134390,Automatic,7213,THB/MONTH
100,Mitsubishi,MIRAGE_GLX_1.2,2019,295900,THB,71652,Manual,4908,THB/MONTH
101,Toyota,VIOS_E_1.5,2018,403900,THB,124282,Automatic,6699,THB/MONTH
102,Subaru,XV_I_2.0,2014,425900,THB,146038,Automatic,7064,THB/MONTH
103,Nissan,NP300_NAVARA_KING_CAB_E_CALIBRE_BLACK_EDITION_2.5,2019,451900,THB,95015,Manual,7495,THB/MONTH
104,Nissan,MARCH_S_1.2,2018,247900,THB,47708,Manual,4111,THB/MONTH
105,Honda,CIVIC_TURBO_RS_1.5,2016,702900,THB,116575,Automatic,11658,THB/MONTH
106,MG,MG3_X_1.5,2015,238900,THB,103773,Automatic,3962,THB/MONTH
107,Mazda,3_MAXX_SPORTS_2.0,2013,332900,THB,126868,Automatic,5521,THB/MONTH
108,Honda,HR-V_EL_1.8,2015,548900,THB,166584,Automatic,9104,THB/MONTH
109,Toyota,FORTUNER_G_2.5,2013,545900,THB,92563,Manual,9054,THB/MONTH
110,Honda,CITY_V+_1.5,2018,469900,THB,134840,Automatic,7793,THB/MONTH
111,Toyota,C-HR_HYBRID_MID_1.8,2018,705900,THB,132964,Automatic,11707,THB/MONTH
112,Ford,EVEREST_TITANIUM+_4WD_2.0,2018,1071900,THB,111009,Automatic,17777,THB/MONTH
113,Ford,RANGER_DOUBLE_CAB_HI-RIDER_XLT_2.2,2015,442900,THB,159867,Automatic,7345,THB/MONTH
114,Toyota,HILUX_REVO_SMART_CAB_E_PRERUNNER_2.4,2017,486900,THB,101662,Automatic,8075,THB/MONTH
115,Toyota,HILUX_REVO_SMART_CAB_E_PLUS_PRERUNNER_2.4,2017,494900,THB,120267,Automatic,8208,THB/MONTH
116,Subaru,FORESTER_I-S_ES_(EYE-SIGHT)_2.0,2019,947900,THB,101836,Automatic,15721,THB/MONTH
117,Mitsubishi,PAJERO_SPORT_GT_PREMIUM_2.4,2018,837900,THB,48884,Automatic,13897,THB/MONTH
118,Toyota,CAMRY_G_EXTREMO_2.0,2017,765900,THB,104914,Automatic,12702,THB/MONTH
119,Ford,EVEREST_TITANIUM+_(2WD)_2.0,2019,977900,THB,50333,Automatic,16218,THB/MONTH
120,Honda,CIVIC_TURBO_(HATCHBACK)_1.5,2017,795900,THB,141510,Automatic,13200,THB/MONTH
121,MG,MG3_D_TWO_TONE_1.5,2019,328900,THB,77408,Automatic,5455,THB/MONTH
122,Mazda,2_XD_HIGH_CONNECT_1.5,2017,434900,THB,148374,Automatic,7213,THB/MONTH
123,Nissan,JUKE_V_1.6,2014,336900,THB,124815,Automatic,5587,THB/MONTH
124,Isuzu,D-MAX_SPACECAB_HI-LANDER_ZP_1.9,2019,557900,THB,35930,Manual,9253,THB/MONTH
125,Ford,RANGER_DOUBLE_CAB_HI-RIDER_WILDTRAK_2.2,2016,536900,THB,171439,Manual,8904,THB/MONTH
126,MG,MG3_D_1.5,2016,225900,THB,138970,Automatic,3747,THB/MONTH
127,Subaru,XV_I-P_2.0,2018,692900,THB,89959,Automatic,11492,THB/MONTH
128,Ford,RANGER_DOUBLE_CAB_HI-RIDER_XLT_2.2,2019,606900,THB,66185,Automatic,10065,THB/MONTH
129,Toyota,CAMRY_G_2.0,2018,695900,THB,84215,Automatic,11542,THB/MONTH
130,Toyota,C-HR_HYBRID_HIGH_1.8,2018,699900,THB,128582,Automatic,11608,THB/MONTH
131,Honda,CIVIC_EL_1.8,2016,613900,THB,163812,Automatic,10182,THB/MONTH
132,Toyota,CAMRY_G_2.0,2019,921900,THB,88440,Automatic,15290,THB/MONTH
133,Toyota,HILUX_REVO_SMART_CAB_E_PLUS_PRERUNNER_2.4,2019,549900,THB,107181,Automatic,9120,THB/MONTH
134,Mazda,BT-50_PRO_FREESTYLE_CAB_HI-RACER_2.2,2019,373900,THB,56230,Manual,6201,THB/MONTH
135,Ford,RANGER_OPEN_CAB_HI-RIDER_XLT_2.2,2019,478900,THB,68913,Manual,7943,THB/MONTH
136,Mitsubishi,ATTRAGE_GLS_LIMITED_EDITION_1.2,2018,357900,THB,124305,Automatic,5936,THB/MONTH
137,MG,HS_X_SUNROOF_1.5,2019,647900,THB,56927,Automatic,10745,THB/MONTH
138,Mazda,2_SPORTS_HIGH_CONNECT_1.3,2019,432900,THB,90375,Automatic,7180,THB/MONTH
139,Isuzu,MU-X_DA_DVD_2WD_3.0,2017,787900,THB,122683,Automatic,13067,THB/MONTH
140,Mitsubishi,ATTRAGE_GLX_1.2,2018,313900,THB,98281,Automatic,5206,THB/MONTH
141,Toyota,YARIS_ATIV_S_1.2,2018,434900,THB,113613,Automatic,7213,THB/MONTH
142,Ford,RANGER_DOUBLE_CAB_HI-RIDER_WILDTRAK_2.0,2019,688900,THB,60843,Automatic,11425,THB/MONTH
143,Honda,HR-V_RS_1.8,2018,726900,THB,67343,Automatic,12056,THB/MONTH
144,Mitsubishi,PAJERO_SPORT_GT_PREMIUM_2WD_2.4,2019,999900,THB,102775,Automatic,16583,THB/MONTH
145,Toyota,YARIS_G+_1.2,2019,453900,THB,93797,Automatic,7528,THB/MONTH
146,Mazda,BT-50_PRO_FREESTYLE_CAB_HI-RACER_(ABS)_2.2,2018,404900,THB,69535,Manual,6715,THB/MONTH
147,Suzuki,SWIFT_GLX_NAVI_1.2,2018,435900,THB,88167,Automatic,7229,THB/MONTH
148,Toyota,INNOVA_CRYSTA_G_2.8,2018,697900,THB,73460,Automatic,11575,THB/MONTH
149,Toyota,VIOS_E_1.5,2018,403900,THB,124144,Automatic,6699,THB/MONTH
150,Honda,CIVIC_EL_1.8,2019,718900,THB,115125,Automatic,11923,THB/MONTH
151,Toyota,C-HR_MID_1.8,2019,730900,THB,97864,Automatic,12122,THB/MONTH
152,Mazda,3_S_SPORTS_2.0,2014,412900,THB,112371,Automatic,6848,THB/MONTH
153,Toyota,HILUX_REVO_DOUBLE_CAB_E_PLUS_PRERUNNER_2.4,2018,630900,THB,104770,Automatic,10463,THB/MONTH
154,Mazda,BT-50_PRO_FREESTYLE_CAB_HI-RACER_2.2,2019,373900,THB,111092,Manual,6201,THB/MONTH
155,Ford,RANGER_RAPTOR_DOUBLE_CAB_BI-TURBO_4WD_2.0,2018,1152900,THB,133634,Automatic,19121,THB/MONTH
156,Ford,RANGER_DOUBLE_CAB_HI-RIDER_XLT_2.2,2018,551900,THB,108985,Automatic,9153,THB/MONTH
157,Mitsubishi,MIRAGE_GLX_1.2,2019,340900,THB,60081,Automatic,5654,THB/MONTH
158,Honda,MOBILIO_RS_1.5,2017,478900,THB,140335,Automatic,7943,THB/MONTH
159,Nissan,TEANA_200_XL_NAVI_2.0,2014,498900,THB,150716,Automatic,8274,THB/MONTH
160,Ford,EVEREST_TITANIUM+_4WD_2.0,2018,1071900,THB,113790,Automatic,17777,THB/MONTH
161,Honda,CITY_S_1.5,2019,439900,THB,99633,Automatic,7296,THB/MONTH
162,Toyota,VIOS_S_1.5,2018,462900,THB,62941,Automatic,7677,THB/MONTH
163,Honda,CITY_SV_1.5,2016,424900,THB,94059,Automatic,7047,THB/MONTH
164,Honda,CITY_SV_1.5,2013,339900,THB,162902,Automatic,5637,THB/MONTH
165,Toyota,YARIS_G_1.2,2014,333900,THB,42752,Automatic,5538,THB/MONTH
166,Mazda,2_HIGH_PLUS_1.3,2017,401900,THB,147076,Automatic,6666,THB/MONTH
167,Honda,CIVIC_E_1.8,2019,679900,THB,110401,Automatic,11276,THB/MONTH
168,MG,ZS_X_1.5,2018,459900,THB,58843,Automatic,7627,THB/MONTH
169,Toyota,HILUX_REVO_SMART_CAB_E_PLUS_PRERUNNER_2.4,2019,552900,THB,95083,Manual,9170,THB/MONTH
170,Nissan,NP300_NAVARA_KING_CAB_S_2.5,2019,379900,THB,70486,Manual,6301,THB/MONTH
171,Mitsubishi,MIRAGE_GLX_1.2,2018,264900,THB,80563,Manual,4393,THB/MONTH
172,Suzuki,CIAZ_RS_1.2,2016,323900,THB,131857,Automatic,5372,THB/MONTH
173,Nissan,MARCH_S_1.2,2017,230900,THB,84238,Manual,3829,THB/MONTH
174,Toyota,CAMRY_G_2.5,2018,851900,THB,87845,Automatic,14129,THB/MONTH
175,Mitsubishi,ATTRAGE_GLX_1.2,2017,291900,THB,80646,Automatic,4841,THB/MONTH
176,Ford,ECOSPORT_TREND_1.5,2016,342900,THB,159747,Automatic,5687,THB/MONTH
177,Mazda,3_SP_2.0,2019,798900,THB,89810,Automatic,13250,THB/MONTH
178,Mazda,CX-3_S_2.0,2018,577900,THB,69436,Automatic,9584,THB/MONTH
179,Mitsubishi,ATTRAGE_GLS_LIMITED_EDITION_1.2,2018,332900,THB,98839,Automatic,5521,THB/MONTH
180,Honda,CIVIC_EL_1.8,2017,660900,THB,107271,Automatic,10961,THB/MONTH
181,Nissan,PULSAR_V_1.8,2013,322900,THB,101461,Automatic,5355,THB/MONTH
182,Hyundai,GRAND_STAREX_VIP_2.5,2017,1181900,THB,72829,Automatic,19602,THB/MONTH
183,Honda,ACCORD_EL_2.4,2018,806900,THB,132513,Automatic,13382,THB/MONTH
184,Nissan,X-TRAIL_V_4WD_2.0,2014,458900,THB,130485,Automatic,7611,THB/MONTH
185,Mitsubishi,ATTRAGE_GLX_1.2,2014,203900,THB,71140,Manual,3382,THB/MONTH
186,Honda,CIVIC_TURBO_RS_1.5,2016,702900,THB,111866,Automatic,11658,THB/MONTH
187,Toyota,HILUX_REVO_SMART_CAB_E_PLUS_4WD_2.4,2019,589900,THB,96483,Manual,9783,THB/MONTH
188,Honda,CIVIC_EL_1.8,2019,718900,THB,66734,Automatic,11923,THB/MONTH
189,Toyota,YARIS_ATIV_HIGH_1.2,2019,439900,THB,39268,Automatic,7296,THB/MONTH
190,Honda,CIVIC_EL_1.8,2017,641900,THB,160609,Automatic,10646,THB/MONTH
191,Honda,CIVIC_EL_1.8,2016,613900,THB,99265,Automatic,10182,THB/MONTH
192,Mazda,3_S_SPORTS_2.0,2018,573900,THB,144720,Automatic,9518,THB/MONTH
193,Toyota,VIOS_J_1.5,2018,393900,THB,102681,Automatic,6533,THB/MONTH
194,Honda,ACCORD_EL_2.4,2018,806900,THB,70263,Automatic,13382,THB/MONTH
195,Toyota,CAMRY_G_2.0,2018,695900,THB,115435,Automatic,11542,THB/MONTH
196,Toyota,SIENTA_G_1.5,2019,551900,THB,82602,Automatic,9153,THB/MONTH
197,Honda,CIVIC_TURBO_(HATCHBACK)_1.5,2017,806900,THB,122695,Automatic,13382,THB/MONTH
198,Suzuki,ERTIGA_GX_1.5,2019,493900,THB,74797,Automatic,8191,THB/MONTH
199,Ford,RANGER_DOUBLE_CAB_HI-RIDER_XLT_2.2,2019,598900,THB,119945,Automatic,9933,THB/MONTH
200,Nissan,X-TRAIL_S_2.0,2017,496900,THB,140632,Automatic,8241,THB/MONTH
201,Ford,RANGER_OPEN_CAB_HI-RIDER_XLT_2.2,2019,478900,THB,98798,Manual,7943,THB/MONTH
202,Mazda,CX-30_SP_2.0,2020,837900,THB,65472,Automatic,13897,THB/MONTH
203,Mazda,2_SKYACTIV_XD_SPORTS_HIGH_PLUS_1.5,2015,393900,THB,149669,Automatic,6533,THB/MONTH
204,MG,MG5_X_TURBO_SUNROOF_1.5,2019,387900,THB,111267,Automatic,6433,THB/MONTH
205,Honda,CIVIC_EL_1.8,2018,709900,THB,125052,Automatic,11774,THB/MONTH
206,Honda,CITY_S_1.5,2019,439900,THB,90219,Automatic,7296,THB/MONTH
207,Honda,BRIO_AMAZE_SV_1.2,2018,384900,THB,49660,Automatic,6384,THB/MONTH
208,Honda,BRIO_V_1.2,2013,265900,THB,161903,Automatic,4410,THB/MONTH
209,Mitsubishi,ATTRAGE_GLS_LIMITED_EDITION_1.2,2013,238900,THB,126733,Automatic,3962,THB/MONTH
210,Suzuki,ERTIGA_GL_1.5,2019,465900,THB,29024,Automatic,7727,THB/MONTH
211,Toyota,COROLLA_ALTIS_S_1.8,2019,573900,THB,114857,Automatic,9518,THB/MONTH
212,Honda,CITY_V+_1.5,2019,500900,THB,85461,Automatic,8307,THB/MONTH
213,Honda,CIVIC_EL_1.8,2016,633900,THB,158683,Automatic,10513,THB/MONTH
214,Mazda,2_SPORTS_HIGH_PLUS_1.3,2018,430900,THB,126794,Automatic,7146,THB/MONTH
215,Honda,BR-V_SV_1.5,2016,449900,THB,127604,Automatic,7462,THB/MONTH
216,Toyota,SIENTA_V_1.5,2020,654900,THB,93824,Automatic,10862,THB/MONTH
217,Mazda,2_XD_HIGH_PLUS_L_1.5,2017,471900,THB,78396,Automatic,7826,THB/MONTH
218,Ford,RANGER_DOUBLE_CAB_4WD_WILDTRAK_3.2,2017,713900,THB,131572,Automatic,11840,THB/MONTH
219,Nissan,NP300_NAVARA_KING_CAB_S_2.5,2018,363900,THB,97256,Manual,6035,THB/MONTH
220,Honda,CITY_V+_1.5,2019,500900,THB,99186,Automatic,8307,THB/MONTH
221,Ford,ECOSPORT_TITANIUM_1.5,2016,343900,THB,137616,Automatic,5704,THB/MONTH
222,Honda,CIVIC_EL_1.8,2017,660900,THB,136279,Automatic,10961,THB/MONTH
223,Honda,BR-V_SV_1.5,2016,468900,THB,143100,Automatic,7777,THB/MONTH
224,Mitsubishi,MIRAGE_GLS_1.2,2016,236900,THB,118513,Automatic,3929,THB/MONTH
225,Mazda,2_HIGH_PLUS_1.3,2018,430900,THB,62389,Automatic,7146,THB/MONTH
226,Mazda,BT-50_PRO_FREESTYLE_CAB_HI-RACER_2.2,2019,386900,THB,52613,Manual,6417,THB/MONTH
227,Mazda,2_HIGH_CONNECT_1.3,2019,415900,THB,96758,Automatic,6898,THB/MONTH
228,Honda,ACCORD_EL_NAVI_2.4,2013,551900,THB,168180,Automatic,9153,THB/MONTH
229,Toyota,VIOS_E_1.5,2013,278900,THB,159115,Automatic,4626,THB/MONTH
230,MG,MG3_X_1.5,2015,238900,THB,70995,Automatic,3962,THB/MONTH
231,Ford,EVEREST_TITANIUM+_4WD_2.0,2018,1071900,THB,105477,Automatic,17777,THB/MONTH
232,Mazda,3_SP_SPORTS_2.0,2019,802900,THB,65827,Automatic,13316,THB/MONTH
233,Honda,CIVIC_TURBO_RS_1.5,2017,750900,THB,144651,Automatic,12454,THB/MONTH
234,Mitsubishi,MIRAGE_GLX_1.2,2013,228900,THB,151635,Automatic,3796,THB/MONTH
235,Toyota,VIOS_G_1.5,2013,326900,THB,154719,Automatic,5422,THB/MONTH
236,Mazda,2_HIGH_CONNECT_1.3,2016,360900,THB,152046,Automatic,5986,THB/MONTH
237,Honda,CITY_V+_1.5,2019,500900,THB,47086,Automatic,8307,THB/MONTH
238,Nissan,ALMERA_E_SPORTECH_1.2,2019,344900,THB,50814,Automatic,5720,THB/MONTH
239,Mazda,3_S_SPORTS_2.0,2017,547900,THB,104818,Automatic,9087,THB/MONTH
240,Suzuki,SWIFT_GLX_NAVI_1.2,2018,435900,THB,109237,Automatic,7229,THB/MONTH
241,Nissan,TEANA_200_XL_NAVI_2.0,2014,503900,THB,161692,Automatic,8357,THB/MONTH
242,Nissan,ALMERA_EL_1.2,2016,299900,THB,80962,Automatic,4974,THB/MONTH
243,Toyota,VIOS_E_1.5,2014,326900,THB,77423,Automatic,5422,THB/MONTH
244,Toyota,CAMRY_G_2.0,2018,713900,THB,137192,Automatic,11840,THB/MONTH
245,Nissan,MARCH_E_1.2,2018,306900,THB,46711,Automatic,5090,THB/MONTH
246,Suzuki,SWIFT_GLX_1.2,2013,274900,THB,146688,Automatic,4559,THB/MONTH
247,Mazda,3_S_SPORTS_2.0,2017,547900,THB,123019,Automatic,9087,THB/MONTH
248,Suzuki,CIAZ_GL_1.2,2017,280900,THB,135292,Automatic,4659,THB/MONTH
249,Ford,ECOSPORT_TREND_1.5,2017,335900,THB,170359,Automatic,5571,THB/MONTH
250,Honda,CITY_S_1.5,2019,439900,THB,103625,Automatic,7296,THB/MONTH
251,Honda,CIVIC_EL_1.8,2020,776900,THB,75156,Automatic,12885,THB/MONTH
252,MG,MG3_X_1.5,2016,246900,THB,109343,Automatic,4095,THB/MONTH
253,Mitsubishi,ATTRAGE_GLX_1.2,2017,291900,THB,75060,Automatic,4841,THB/MONTH
254,Mazda,2_GROOVE_(SEDAN)_1.5,2013,234900,THB,136971,Automatic,3896,THB/MONTH
255,Nissan,MARCH_E_1.2,2019,327900,THB,86293,Automatic,5438,THB/MONTH
256,Toyota,HILUX_VIGO_DOUBLE_CAB_E_PRERUNNER_(ABS)_2.5,2013,417900,THB,158071,Manual,6931,THB/MONTH
257,Toyota,INNOVA_CRYSTA_G_2.8,2017,642900,THB,178821,Automatic,10662,THB/MONTH
258,Toyota,COROLLA_ALTIS_V_1.8,2019,612900,THB,109343,Automatic,10165,THB/MONTH
259,Isuzu,D-MAX_CAB-4_HI-LANDER_DDI_Z_DVD_1.9,2018,581900,THB,121836,Manual,9651,THB/MONTH
260,Nissan,TEANA_200_XL_2.0,2015,479900,THB,158322,Automatic,7959,THB/MONTH
261,Suzuki,CIAZ_GL_1.2,2015,262900,THB,160988,Automatic,4360,THB/MONTH
262,Mazda,2_SKYACTIV_XD_HIGH_PLUS_L_1.5,2016,409900,THB,46592,Automatic,6798,THB/MONTH
263,Honda,CIVIC_ES_1.8,2014,460900,THB,177477,Automatic,7644,THB/MONTH
264,Nissan,NOTE_VL_1.2,2018,363900,THB,78489,Automatic,6035,THB/MONTH
265,Honda,CIVIC_EL_1.8,2017,657900,THB,100067,Automatic,10911,THB/MONTH
266,Suzuki,SWIFT_GLX_1.2,2013,274900,THB,173339,Automatic,4559,THB/MONTH
267,Mazda,2_SKYACTIV_XD_SPORTS_HIGH_PLUS_1.5,2015,399900,THB,126830,Automatic,6632,THB/MONTH
268,Honda,CIVIC_EL_1.8,2020,776900,THB,35089,Automatic,12885,THB/MONTH
269,Toyota,FORTUNER_V_2.8,2018,1078900,THB,130089,Automatic,17894,THB/MONTH
270,Mazda,BT-50_PRO_FREESTYLE_CAB_V_2.2,2018,377900,THB,44110,Manual,6267,THB/MONTH
271,Honda,BR-V_SV_1.5,2016,472900,THB,158167,Automatic,7843,THB/MONTH
272,Ford,ECOSPORT_TREND_1.5,2017,334900,THB,117527,Automatic,5554,THB/MONTH
273,Ford,EVEREST_TITANIUM+_4WD_2.0,2019,1072900,THB,73170,Automatic,17794,THB/MONTH
274,Mitsubishi,MIRAGE_GLX_1.2,2013,228900,THB,125455,Automatic,3796,THB/MONTH
275,Isuzu,MU-X_DA_DVD_2WD_3.0,2018,830900,THB,121947,Automatic,13780,THB/MONTH
276,Nissan,PULSAR_SV_1.6,2013,286900,THB,126455,Automatic,4758,THB/MONTH
277,Suzuki,SWIFT_GLX_1.2,2013,274900,THB,138153,Automatic,4559,THB/MONTH
278,Toyota,COROLLA_ALTIS_G_1.6,2015,375900,THB,168500,Automatic,6234,THB/MONTH
279,Toyota,C-HR_HYBRID_MID_1.8,2019,745900,THB,86090,Automatic,12371,THB/MONTH
280,Mazda,CX-5_S_2.0,2014,455900,THB,124290,Automatic,7561,THB/MONTH
281,Mazda,2_SKYACTIV_XD_SPORTS_HIGH_PLUS_L_1.5,2016,409900,THB,104071,Automatic,6798,THB/MONTH
282,Hyundai,H1_ELITE_2.5,2018,1095900,THB,140773,Automatic,18176,THB/MONTH
283,Honda,MOBILIO_V_1.5,2019,486900,THB,63216,Automatic,8075,THB/MONTH
284,MG,MG3_X_1.5,2016,251900,THB,124395,Automatic,4178,THB/MONTH
285,Mazda,CX-5_C_2.0,2019,726900,THB,101577,Automatic,12056,THB/MONTH
286,Ford,RANGER_OPEN_CAB_HI-RIDER_WILDTRAK_2.2,2013,317900,THB,148199,Manual,5272,THB/MONTH
287,Honda,HR-V_EL_1.8,2015,582900,THB,109128,Automatic,9667,THB/MONTH
288,Honda,BR-V_SV_1.5,2017,486900,THB,130961,Automatic,8075,THB/MONTH
289,Mazda,2_SPORTS_HIGH_CONNECT_1.3,2019,424900,THB,18424,Automatic,7047,THB/MONTH
290,Nissan,NOTE_VL_1.2,2017,358900,THB,97867,Automatic,5952,THB/MONTH
291,Ford,RANGER_OPEN_CAB_HI-RIDER_XLT_2.2,2016,398900,THB,94655,Manual,6616,THB/MONTH
292,Mazda,2_C_SPORTS_1.3,2021,466900,THB,12578,Automatic,7744,THB/MONTH
293,Honda,CITY_V_1.5,2017,436900,THB,60831,Automatic,7246,THB/MONTH
294,Mitsubishi,ATTRAGE_GLX_1.2,2017,291900,THB,87030,Automatic,4841,THB/MONTH
295,Toyota,COROLLA_ALTIS_G_1.6,2018,460900,THB,115547,Automatic,7644,THB/MONTH
296,Honda,CITY_RS_1.0,2020,591900,THB,63961,Automatic,9817,THB/MONTH
297,Mazda,2_XD_HIGH_PLUS_L_1.5,2017,467900,THB,37569,Automatic,7760,THB/MONTH
298,Mazda,2_HIGH_CONNECT_1.3,2019,420900,THB,59161,Automatic,6981,THB/MONTH
299,Honda,CITY_S_1.5,2018,416900,THB,121116,Automatic,6914,THB/MONTH
300,Toyota,YARIS_E_1.2,2014,309900,THB,136356,Automatic,5140,THB/MONTH
301,Nissan,ALMERA_E_SPORTECH_1.2,2018,306900,THB,57337,Automatic,5090,THB/MONTH
302,Mazda,3_SP_SPORTS_2.0,2019,698900,THB,69711,Automatic,11591,THB/MONTH
303,Mazda,3_S_SPORTS_2.0,2017,547900,THB,162276,Automatic,9087,THB/MONTH
304,MG,MG3_XROSS_X_1.5,2015,255900,THB,104904,Automatic,4244,THB/MONTH
305,Mazda,2_HIGH_CONNECT_1.3,2017,375900,THB,129834,Automatic,6234,THB/MONTH
306,Mazda,2_SPORTS_HIGH_PLUS_1.3,2019,447900,THB,21505,Automatic,7428,THB/MONTH
307,Nissan,SYLPHY_V_1.6,2013,290900,THB,82102,Automatic,4825,THB/MONTH
308,Mazda,2_SPORTS_HIGH_CONNECT_1.3,2019,421900,THB,39806,Automatic,6997,THB/MONTH
309,Honda,CIVIC_EL_1.8,2016,626900,THB,161041,Automatic,10397,THB/MONTH
310,Honda,CITY_V_1.5,2017,436900,THB,98997,Automatic,7246,THB/MONTH
311,Suzuki,SWIFT_GLX_1.2,2013,279900,THB,103708,Automatic,4642,THB/MONTH
312,Honda,CIVIC_TURBO_RS_1.5,2019,869900,THB,78156,Automatic,14427,THB/MONTH
313,Honda,CIVIC_EL_1.8,2019,734900,THB,105722,Automatic,12188,THB/MONTH
314,Mazda,2_SPORTS_HIGH_CONNECT_1.3,2019,421900,THB,54754,Automatic,6997,THB/MONTH
315,Suzuki,SWIFT_GL_1.2,2013,269900,THB,153133,Automatic,4476,THB/MONTH
316,Honda,CITY_SV_1.5,2017,480900,THB,129388,Automatic,7976,THB/MONTH
317,Toyota,SIENTA_V_1.5,2016,508900,THB,118058,Automatic,8440,THB/MONTH
318,MG,ZS_D_1.5,2018,412900,THB,144232,Automatic,6848,THB/MONTH
319,Honda,CITY_S_1.5,2019,436900,THB,118111,Automatic,7246,THB/MONTH
320,Nissan,ALMERA_E_SPORTECH_1.2,2019,344900,THB,106147,Automatic,5720,THB/MONTH
321,Toyota,YARIS_E_1.2,2016,338900,THB,115650,Automatic,5621,THB/MONTH
322,Suzuki,SWIFT_GLX_1.2,2013,279900,THB,127144,Automatic,4642,THB/MONTH
323,Suzuki,CELERIO_GL_1.0,2018,259900,THB,110415,Automatic,4310,THB/MONTH
324,Nissan,ALMERA_E_SPORTECH_1.2,2019,344900,THB,65530,Automatic,5720,THB/MONTH
325,Nissan,MARCH_E_1.2,2019,327900,THB,80548,Automatic,5438,THB/MONTH
326,Honda,CIVIC_EL_1.8,2019,734900,THB,61152,Automatic,12188,THB/MONTH
327,Toyota,YARIS_G_1.2,2016,359900,THB,162507,Automatic,5969,THB/MONTH
328,Mazda,2_XD_HIGH_PLUS_L_1.5,2017,440900,THB,86480,Automatic,7312,THB/MONTH
329,Mitsubishi,MIRAGE_GLX_1.2,2017,277900,THB,113815,Automatic,4609,THB/MONTH
330,Honda,JAZZ_S_1.5,2018,463900,THB,126270,Automatic,7694,THB/MONTH
331,Mazda,2_SPORTS_HIGH_CONNECT_1.3,2018,401900,THB,66111,Automatic,6666,THB/MONTH
332,Mazda,2_SP_1.3,2020,463900,THB,66482,Automatic,7694,THB/MONTH
333,Honda,CITY_V_1.5,2018,442900,THB,96075,Automatic,7345,THB/MONTH
334,Suzuki,CELERIO_GX_1.0,2019,286900,THB,79759,Automatic,4758,THB/MONTH
335,Nissan,ALMERA_E_SPORTECH_1.2,2018,334900,THB,84914,Automatic,5554,THB/MONTH
336,Mazda,2_SP_SPORTS_(HATCHBACK)_1.3,2020,489900,THB,42409,Automatic,8125,THB/MONTH
337,Mazda,2_HIGH_CONNECT_1.3,2019,418900,THB,64488,Automatic,6947,THB/MONTH
338,Toyota,SIENTA_V_1.5,2017,527900,THB,120588,Automatic,8755,THB/MONTH
339,Suzuki,CIAZ_GL_1.2,2018,297900,THB,99540,Automatic,4941,THB/MONTH
340,Nissan,SYLPHY_SV_1.6,2019,440900,THB,99033,Automatic,7312,THB/MONTH
341,Mitsubishi,MIRAGE_GLS_1.2,2019,368900,THB,42461,Automatic,6118,THB/MONTH
342,Toyota,YARIS_E_1.2,2014,308900,THB,95667,Automatic,5123,THB/MONTH
343,Nissan,X-TRAIL_S_2.0,2017,546900,THB,133165,Automatic,9070,THB/MONTH
344,Toyota,VIOS_E_1.5,2017,387900,THB,118843,Automatic,6433,THB/MONTH
345,Suzuki,SWIFT_GLX_1.2,2014,321900,THB,111567,Automatic,5339,THB/MONTH
346,Honda,JAZZ_S_1.5,2018,463900,THB,97455,Automatic,7694,THB/MONTH
347,Mazda,2_SPORTS_HIGH_CONNECT_1.3,2019,421900,THB,89748,Automatic,6997,THB/MONTH
348,Toyota,YARIS_G_1.2,2013,313900,THB,161721,Automatic,5206,THB/MONTH
349,Mazda,3_S_SPORTS_2.0,2014,422900,THB,137749,Automatic,7014,THB/MONTH
350,Toyota,YARIS_G_1.5,2013,292900,THB,155989,Automatic,4858,THB/MONTH
351,Suzuki,SWIFT_GLX_1.2,2013,274900,THB,134239,Automatic,4559,THB/MONTH
352,MG,MG3_XROSS_X_1.5,2017,266900,THB,136775,Automatic,4427,THB/MONTH
353,Ford,EVEREST_TITANIUM+_4WD_2.0,2018,1071900,THB,93501,Automatic,17777,THB/MONTH
354,Honda,CITY_V+_1.5,2018,469900,THB,123046,Automatic,7793,THB/MONTH
355,MG,ZS_X_1.5,2019,459900,THB,48281,Automatic,7627,THB/MONTH
356,Honda,CITY_SV_1.5,2017,480900,THB,179813,Automatic,7976,THB/MONTH
357,Nissan,ALMERA_E_SPORTECH_1.2,2017,301900,THB,82052,Automatic,5007,THB/MONTH
358,Suzuki,SWIFT_GLX_NAVI_1.2,2018,435900,THB,62684,Automatic,7229,THB/MONTH
359,MG,MG3_X_SUNROOF_1.5,2019,321900,THB,85656,Automatic,5339,THB/MONTH
360,Mazda,2_SPORTS_XD_HIGH_PLUS_1.5,2015,399900,THB,135851,Automatic,6632,THB/MONTH
361,Honda,MOBILIO_RS_1.5,2019,540900,THB,114475,Automatic,8971,THB/MONTH
362,Honda,BR-V_SV_1.5,2018,526900,THB,93370,Automatic,8739,THB/MONTH
363,Honda,CIVIC_EL_1.8,2019,734900,THB,82055,Automatic,12188,THB/MONTH
364,Honda,CITY_SV_1.5,2018,490900,THB,116846,Automatic,8142,THB/MONTH
365,Mazda,CX-3_S_2.0,2019,595900,THB,104692,Automatic,9883,THB/MONTH
366,Mazda,3_S_2.0,2017,476900,THB,83413,Automatic,7909,THB/MONTH
367,Toyota,VIOS_E_1.5,2014,319900,THB,134041,Automatic,5306,THB/MONTH
368,Mazda,CX-30_SP_2.0,2020,854900,THB,18935,Automatic,14179,THB/MONTH
369,Mitsubishi,ATTRAGE_GLX_1.2,2019,305900,THB,37574,Manual,5073,THB/MONTH
370,Nissan,JUKE_V_1.6,2014,340900,THB,146572,Automatic,5654,THB/MONTH
371,Mazda,2_HIGH_CONNECT_1.3,2019,418900,THB,31925,Automatic,6947,THB/MONTH
372,Suzuki,CIAZ_GL_1.2,2018,297900,THB,70152,Automatic,4941,THB/MONTH
373,Nissan,ALMERA_E_SPORTECH_1.2,2018,308900,THB,127859,Automatic,5123,THB/MONTH
374,Mazda,2_SPORTS_HIGH_CONNECT_1.3,2017,376900,THB,176187,Automatic,6251,THB/MONTH
375,Mazda,2_HIGH_CONNECT_1.3,2019,418900,THB,58359,Automatic,6947,THB/MONTH
376,Suzuki,CIAZ_GL_1.2,2016,276900,THB,136318,Automatic,4592,THB/MONTH
377,Mazda,2_XD_HIGH_CONNECT_1.5,2017,417900,THB,80284,Automatic,6931,THB/MONTH
378,Nissan,ALMERA_E_1.2,2018,285900,THB,60957,Automatic,4742,THB/MONTH
379,Honda,CITY_SV_1.5,2017,480900,THB,145111,Automatic,7976,THB/MONTH
380,Mazda,2_ELEGANCE_(SEDAN)_SPIRIT_1.5,2013,262900,THB,173387,Automatic,4360,THB/MONTH
381,Mazda,2_HIGH_PLUS_1.3,2017,397900,THB,170964,Automatic,6599,THB/MONTH
382,Honda,CITY_SV_1.5,2016,423900,THB,170602,Automatic,7030,THB/MONTH
383,Nissan,NOTE_V_1.2,2018,341900,THB,105852,Automatic,5670,THB/MONTH
384,Toyota,YARIS_G_1.2,2018,422900,THB,74970,Automatic,7014,THB/MONTH
385,Suzuki,SWIFT_GL_1.2,2014,277900,THB,84230,Automatic,4609,THB/MONTH
386,Toyota,YARIS_MID_1.2,2020,450900,THB,74437,Automatic,7478,THB/MONTH
387,Ford,RANGER_DOUBLE_CAB_HI-RIDER_XLT_2.2,2016,478900,THB,128940,Automatic,7943,THB/MONTH
388,Mazda,2_SPORTS_HIGH_CONNECT_1.3,2019,421900,THB,47843,Automatic,6997,THB/MONTH
389,Mitsubishi,MIRAGE_GLX_1.2,2019,298900,THB,48221,Automatic,4957,THB/MONTH
390,Mazda,2_S_SPORTS_(LEATHER)_1.3,2021,488900,THB,16476,Automatic,8108,THB/MONTH
391,Mazda,2_HIGH_CONNECT_1.3,2018,395900,THB,94262,Automatic,6566,THB/MONTH
392,Suzuki,SWIFT_GL_1.2,2013,267900,THB,39481,Automatic,4443,THB/MONTH
393,Suzuki,SWIFT_GL_(SPORTS_EDITION)_1.2,2019,401900,THB,35001,Automatic,6666,THB/MONTH
394,Mazda,2_HIGH_CONNECT_1.3,2019,418900,THB,67984,Automatic,6947,THB/MONTH
395,Honda,CITY_S_1.5,2019,435900,THB,96659,Automatic,7229,THB/MONTH
396,Honda,BRIO_AMAZE_V_1.2,2019,370900,THB,94137,Automatic,6151,THB/MONTH
397,Honda,CITY_SV_1.5,2018,489900,THB,122945,Automatic,8125,THB/MONTH
398,Toyota,YARIS_E_1.2,2015,330900,THB,142120,Automatic,5488,THB/MONTH
399,Toyota,YARIS_E_1.2,2019,399900,THB,119269,Automatic,6632,THB/MONTH
400,Honda,JAZZ_V+_1.5,2015,436900,THB,172281,Automatic,7246,THB/MONTH
401,Mazda,2_SKYACTIV_HIGH_PLUS_1.3,2016,354900,THB,159995,Automatic,5886,THB/MONTH
402,Nissan,SYLPHY_V_1.6,2013,302900,THB,80310,Automatic,5024,THB/MONTH
403,Toyota,YARIS_J_1.2,2017,339900,THB,49488,Automatic,5637,THB/MONTH
404,Toyota,YARIS_E_1.2,2018,391900,THB,81378,Automatic,6500,THB/MONTH
405,Toyota,VIOS_E_1.5,2013,324900,THB,114513,Automatic,5388,THB/MONTH
406,Mazda,2_S_(LEATHER)_1.3,2019,463900,THB,65212,Automatic,7694,THB/MONTH
407,Honda,CITY_S_1.5,2019,435900,THB,101526,Automatic,7229,THB/MONTH
408,Mazda,BT-50_PRO_DOUBLE_CAB_HI-RACER_2.2,2014,377900,THB,137258,Automatic,6267,THB/MONTH
409,Nissan,ALMERA_E_1.2,2014,229900,THB,151608,Automatic,3813,THB/MONTH
410,Toyota,YARIS_ENTRY_1.2,2020,429900,THB,57279,Automatic,7130,THB/MONTH
411,Honda,CITY_V_1.5,2013,328900,THB,102484,Automatic,5455,THB/MONTH
412,Nissan,ALMERA_E_1.2,2018,285900,THB,120512,Automatic,4742,THB/MONTH
413,Nissan,ALMERA_E_1.2,2018,285900,THB,113433,Automatic,4742,THB/MONTH
414,Honda,CIVIC_EL_1.8,2017,667900,THB,86594,Automatic,11077,THB/MONTH
415,Nissan,SYLPHY_V_1.6,2018,417900,THB,113011,Automatic,6931,THB/MONTH
416,Mitsubishi,PAJERO_SPORT_GT_4WD_3.2,2010,300900,THB,203035,Automatic,4990,THB/MONTH
417,Suzuki,CIAZ_GLX_1.2,2015,195900,THB,195232,Automatic,3249,THB/MONTH
418,Mitsubishi,TRITON_DOUBLE_CAB_PLUS_GLS_LIMITED_EDITION_2.4,2018,416900,THB,40313,Automatic,6914,THB/MONTH
419,Mitsubishi,TRITON_MEGA_CAB_GLX_2.5,2018,252900,THB,45119,Manual,4194,THB/MONTH
420,Nissan,TEANA_250_XV_2.5,2011,221900,THB,265576,Automatic,3680,THB/MONTH
421,Nissan,JUKE_V_1.6,2014,254900,THB,172809,Automatic,4228,THB/MONTH
422,Isuzu,D-MAX_CAB-4_V-CROSS_MAX_Z-PRESTIGE_4WD_3.0,2018,581900,THB,54348,Automatic,9651,THB/MONTH
423,Mitsubishi,PAJERO_SPORT_GT_4WD_2.5,2014,424900,THB,107799,Automatic,7047,THB/MONTH
424,Suzuki,CIAZ_GL_1.2,2021,305900,THB,19634,Automatic,5073,THB/MONTH
425,Mitsubishi,MIRAGE_GLS_LIMITED_EDITION_1.2,2013,181900,THB,146188,Automatic,3017,THB/MONTH
426,Honda,BRIO_AMAZE_V_1.2,2018,261900,THB,112299,Automatic,4344,THB/MONTH
427,Mazda,3_SP_SPORTS_2.0,2014,358900,THB,134489,Automatic,5952,THB/MONTH
428,Nissan,SYLPHY_V_1.8,2013,232900,THB,143250,Automatic,3863,THB/MONTH
429,Nissan,JUKE_V_1.6,2014,272900,THB,169729,Automatic,4526,THB/MONTH
430,Mitsubishi,TRITON_MEGA_CAB_PLUS_GLX_2.4,2017,329900,THB,157456,Manual,5471,THB/MONTH
431,Nissan,JUKE_V_1.6,2014,272900,THB,152763,Automatic,4526,THB/MONTH
432,Mazda,CX-5_SP_2.0,2018,593900,THB,83567,Automatic,9850,THB/MONTH
433,Mazda,CX-5_XD_2.2,2019,680900,THB,105506,Automatic,11293,THB/MONTH
434,Isuzu,D-MAX_SPACECAB_HI-LANDER_DDI_Z_2.5,2014,375900,THB,79799,Manual,6234,THB/MONTH
435,Ford,EVEREST_TITANIUM+_4WD_2.0,2018,836900,THB,124540,Automatic,13880,THB/MONTH
436,Honda,CR-V_SE_2.0,2016,558900,THB,87523,Automatic,9269,THB/MONTH
437,Mazda,CX-5_TURBO_SP_(4WD)_2.5,2019,938900,THB,77291,Automatic,15572,THB/MONTH
438,Nissan,MARCH_E_1.2,2018,242900,THB,66276,Automatic,4028,THB/MONTH
439,Mazda,3_SP_SPORTS_2.0,2014,435900,THB,102206,Automatic,7229,THB/MONTH
440,Honda,BR-V_SV_1.5,2017,376900,THB,136824,Automatic,6251,THB/MONTH
441,MG,ZS_X_1.5,2018,318900,THB,146691,Automatic,5289,THB/MONTH
442,Mazda,3_SP_SPORTS_2.0,2015,366900,THB,144970,Automatic,6085,THB/MONTH
443,Toyota,SIENTA_G_1.5,2017,355900,THB,152003,Automatic,5903,THB/MONTH
444,Isuzu,D-MAX_SPACECAB_HI-LANDER_DDI_Z_(VGS)_2.5,2015,464900,THB,85674,Manual,7710,THB/MONTH
445,Isuzu,D-MAX_SPACECAB_HI-LANDER_DDI_Z_(VGS)_2.5,2015,384900,THB,104150,Manual,6384,THB/MONTH
446,Ford,ECOSPORT_TITANIUM_1.5,2014,227900,THB,169345,Automatic,3780,THB/MONTH
447,Mitsubishi,TRITON_MEGA_CAB_PLUS_GLS_2.4,2018,360900,THB,124183,Manual,5986,THB/MONTH
448,MG,MG3_X_1.5,2016,201900,THB,123054,Automatic,3349,THB/MONTH
449,Mitsubishi,TRITON_MEGA_CAB_PLUS_GLS_2.4,2017,465900,THB,75853,Manual,7727,THB/MONTH
450,Isuzu,D-MAX_SPACECAB_HI-LANDER_DDI_Z_(VGS)_2.5,2015,448900,THB,112037,Automatic,7445,THB/MONTH
451,Honda,MOBILIO_RS_1.5,2018,496900,THB,102506,Automatic,8241,THB/MONTH
452,Mitsubishi,PAJERO_SPORT_GT_2.5,2015,533900,THB,153972,Automatic,8855,THB/MONTH
453,MG,HS_X_SUNROOF_1.5,2019,634900,THB,45156,Automatic,10530,THB/MONTH
454,Toyota,COROLLA_ALTIS_G_1.6,2017,358900,THB,172434,Automatic,5952,THB/MONTH
455,Toyota,CAMRY_G_2.0,2018,681900,THB,74285,Automatic,11309,THB/MONTH
456,Mitsubishi,TRITON_MEGA_CAB_GLX_PLUS_2.4,2019,435900,THB,107764,Manual,7229,THB/MONTH
457,Honda,CITY_V+_1.5,2017,507900,THB,116153,Automatic,8424,THB/MONTH
458,Nissan,NP300_NAVARA_KING_CAB_S_2.5,2018,341900,THB,41603,Manual,5670,THB/MONTH
459,Mazda,3_S_SPORTS_2.0,2015,473900,THB,132211,Automatic,7860,THB/MONTH
460,Subaru,FORESTER_I-S_2.0,2019,713900,THB,38118,Automatic,11840,THB/MONTH
461,Mazda,3_S_2.0,2016,420900,THB,112555,Automatic,6981,THB/MONTH
462,Ford,RANGER_DOUBLE_CAB_HI-RIDER_XLT_2.2,2017,514900,THB,56886,Automatic,8540,THB/MONTH
463,Mazda,CX-5_XDL_(4WD)_2.2,2018,696900,THB,103285,Automatic,11558,THB/MONTH
464,Mitsubishi,TRITON_MEGA_CAB_PLUS_GLS_2.5,2013,252900,THB,128866,Manual,4194,THB/MONTH
465,MG,MG3_D_1.5,2018,202900,THB,74998,Automatic,3365,THB/MONTH
466,Mitsubishi,TRITON_DOUBLE_CAB_PLUS_GLS_MIVEC_2.4,2019,583900,THB,60844,Manual,9684,THB/MONTH
467,Mazda,BT-50_PRO_FREESTYLE_CAB_HI-RACER_(ABS)_2.2,2018,396900,THB,59564,Manual,6583,THB/MONTH
468,Nissan,JUKE_V_1.6,2014,330900,THB,54026,Automatic,5488,THB/MONTH
469,Honda,JAZZ_S_1.5,2019,444900,THB,77509,Manual,7379,THB/MONTH
470,Toyota,YARIS_J_ECO_1.2,2014,276900,THB,102615,Automatic,4592,THB/MONTH
471,Mazda,3_S_SPORTS_2.0,2014,414900,THB,82506,Automatic,6881,THB/MONTH
472,Honda,ACCORD_TECH_2.4,2013,555900,THB,120271,Automatic,9220,THB/MONTH
473,Nissan,TEANA_200_XL_2.0,2015,479900,THB,85099,Automatic,7959,THB/MONTH
474,Honda,CIVIC_S_1.8,2013,297900,THB,171566,Automatic,4941,THB/MONTH
475,Mazda,3_E_2.0,2018,463900,THB,122431,Automatic,7694,THB/MONTH
476,Honda,CIVIC_E_1.8,2019,660900,THB,110529,Automatic,10961,THB/MONTH
477,Ford,ECOSPORT_TREND_1.5,2014,267900,THB,63506,Automatic,4443,THB/MONTH
478,MG,ZS_X_1.5,2019,518900,THB,7073,Automatic,8606,THB/MONTH
479,MG,ZS_D+_1.5,2021,521900,THB,26616,Automatic,8656,THB/MONTH
480,Toyota,HILUX_REVO_SMART_CAB_E_2.4,2017,429900,THB,129667,Manual,7130,THB/MONTH
481,Mitsubishi,ATTRAGE_GLX_1.2,2018,291900,THB,139823,Automatic,4841,THB/MONTH
482,Honda,JAZZ_RS_1.5,2018,432900,THB,128165,Automatic,7180,THB/MONTH
483,Toyota,HILUX_REVO_DOUBLE_CAB_E_PRERUNNER_2.4,2019,633900,THB,98518,Automatic,10513,THB/MONTH
484,Toyota,VIOS_MID_1.5,2019,453900,THB,84357,Automatic,7528,THB/MONTH
485,Honda,CIVIC_E_1.8,2019,660900,THB,86616,Automatic,10961,THB/MONTH
486,MG,MG3_X_SUNROOF_1.5,2018,317900,THB,97456,Automatic,5272,THB/MONTH
487,Nissan,SYLPHY_V_1.6,2013,281900,THB,151411,Automatic,4675,THB/MONTH
488,Mitsubishi,ATTRAGE_GLS_1.2,2018,310900,THB,101289,Automatic,5156,THB/MONTH
489,Toyota,VIOS_G_1.5,2018,418900,THB,91379,Automatic,6947,THB/MONTH
490,Nissan,ALMERA_E_1.2,2015,249900,THB,148647,Automatic,4145,THB/MONTH
491,Hyundai,H1_ELITE_2.5,2015,762900,THB,161034,Automatic,12653,THB/MONTH
492,Nissan,ALMERA_E_SPORTECH_1.2,2018,321900,THB,122909,Automatic,5339,THB/MONTH
493,Mitsubishi,ATTRAGE_GLX_1.2,2018,291900,THB,51933,Automatic,4841,THB/MONTH
494,Honda,HR-V_EL_1.8,2015,548900,THB,172187,Automatic,9104,THB/MONTH
495,Toyota,VIOS_MID_1.5,2019,453900,THB,36755,Automatic,7528,THB/MONTH
496,Nissan,NOTE_VL_1.2,2017,358900,THB,153326,Automatic,5952,THB/MONTH
497,Mitsubishi,MIRAGE_GLX_1.2,2018,289900,THB,61417,Automatic,4808,THB/MONTH
498,Mitsubishi,MIRAGE_GLX_1.2,2019,306900,THB,62355,Automatic,5090,THB/MONTH
499,Honda,CITY_V+_1.5,2019,500900,THB,85943,Automatic,8307,THB/MONTH
500,Mazda,CX-3_SP_2.0,2019,657900,THB,63483,Automatic,10911,THB/MONTH
501,Nissan,ALMERA_E_1.2,2015,249900,THB,142103,Automatic,4145,THB/MONTH
502,Mazda,2_HIGH_CONNECT_1.3,2018,406900,THB,68969,Automatic,6748,THB/MONTH
503,Mitsubishi,ATTRAGE_GLX_1.2,2015,252900,THB,150996,Automatic,4194,THB/MONTH
504,Mitsubishi,PAJERO_SPORT_GT_VG_TURBO_2.5,2013,474900,THB,147692,Automatic,7876,THB/MONTH
505,Mazda,2_GROOVE_SPORTS_(HATCHBACK)_1.5,2014,249900,THB,117087,Automatic,4145,THB/MONTH
506,Mitsubishi,MIRAGE_GLX_1.2,2019,352900,THB,42683,Automatic,5853,THB/MONTH
507,Mazda,2_SPORTS_XD_1.5,2017,370900,THB,153050,Automatic,6151,THB/MONTH
508,Nissan,SYLPHY_V_(NAVI)_1.8,2013,303900,THB,173710,Automatic,5040,THB/MONTH
509,Mitsubishi,XPANDER_GLS_LIMITED_1.5,2018,458900,THB,114964,Automatic,7611,THB/MONTH
510,Honda,BRIO_AMAZE_V_1.2,2013,285000,THB,80560,Automatic,4727,THB/MONTH
511,Toyota,FORTUNER_V_4WD_2.4,2018,987900,THB,136490,Automatic,16384,THB/MONTH
512,Nissan,ALMERA_EL_1.2,2017,279900,THB,50169,Automatic,4642,THB/MONTH
513,Mitsubishi,TRITON_DOUBLE_CAB_GT_PLUS_2.4,2019,597900,THB,107111,Automatic,9916,THB/MONTH
514,Mitsubishi,ATTRAGE_GLX_1.2,2019,308900,THB,40948,Automatic,5123,THB/MONTH
515,Honda,CIVIC_EL_1.8,2019,734900,THB,106735,Automatic,12188,THB/MONTH
516,Honda,CITY_S_1.5,2018,416900,THB,113300,Automatic,6914,THB/MONTH
517,Toyota,VIOS_J_1.5,2018,393900,THB,93714,Automatic,6533,THB/MONTH
518,Subaru,FORESTER_I_2.0,2016,385900,THB,107050,Automatic,6400,THB/MONTH
519,Mitsubishi,MIRAGE_GLX_1.2,2017,319900,THB,143637,Automatic,5306,THB/MONTH
520,Honda,CIVIC_TURBO_RS_1.5,2019,867900,THB,61561,Automatic,14394,THB/MONTH
521,Mazda,2_S_1.3,2020,442900,THB,32509,Automatic,7345,THB/MONTH
522,Nissan,ALMERA_E_SPORTECH_1.2,2019,344900,THB,21098,Automatic,5720,THB/MONTH
523,Nissan,MARCH_E_1.2,2016,262900,THB,81308,Automatic,4360,THB/MONTH
524,Mitsubishi,MIRAGE_GLX_1.2,2016,273900,THB,79760,Automatic,4543,THB/MONTH
525,Toyota,YARIS_MID_1.2,2020,453900,THB,61515,Automatic,7528,THB/MONTH
526,Mitsubishi,MIRAGE_GLX_1.2,2017,277900,THB,34381,Automatic,4609,THB/MONTH
527,Honda,JAZZ_V_1.5,2018,487900,THB,49069,Automatic,8092,THB/MONTH
528,Mazda,2_S_(LEATHER)_1.3,2020,482900,THB,24455,Automatic,8009,THB/MONTH
529,Mazda,2_SPORTS_(HATCHBACK)_SPIRIT_1.5,2013,233900,THB,109527,Automatic,3879,THB/MONTH
530,Honda,BR-V_SV_1.5,2016,386900,THB,148686,Automatic,6417,THB/MONTH
531,MG,MG3_X_1.5,2015,232900,THB,83647,Automatic,3863,THB/MONTH
532,Mazda,2_C_1.3,2021,452900,THB,28527,Automatic,7511,THB/MONTH
533,Toyota,YARIS_G_1.2,2019,409900,THB,36606,Automatic,6798,THB/MONTH
534,Nissan,ALMERA_VL_1.2,2014,288900,THB,60560,Automatic,4791,THB/MONTH
535,Toyota,YARIS_E_1.2,2014,301900,THB,164723,Automatic,5007,THB/MONTH
536,Honda,JAZZ_S_1.5,2019,477900,THB,49565,Automatic,7926,THB/MONTH
537,Mazda,2_SKYACTIV_HIGH_PLUS_1.3,2016,354900,THB,64038,Automatic,5886,THB/MONTH
