brand,original_country,index
BMW,Germany,0
Ford,USA,1
Toyota,Japan,2
Honda,Japan,3
Toyota,Japan,4
Honda,Japan,5
Honda,Japan,6
Honda,Japan,7
Toyota,Japan,8
Mitsubishi,Japan,9
Honda,Japan,10
Ford,USA,11
Mazda,Japan,12
Honda,Japan,13
Honda,Japan,14
Mazda,Japan,15
Ford,USA,16
Honda,Japan,17
Honda,Japan,18
Toyota,Japan,19
Honda,Japan,20
Honda,Japan,21
Honda,Japan,22
Toyota,Japan,23
Mazda,Japan,24
Ford,USA,25
Toyota,Japan,26
Honda,Japan,27
Ford,USA,28
Honda,Japan,29
Toyota,Japan,30
Honda,Japan,31
Mitsubishi,Japan,32
Honda,Japan,33
Toyota,Japan,34
Nissan,Japan,35
MG,China,36
MG,China,37
MG,China,38
Toyota,Japan,39
MG,China,40
Toyota,Japan,41
Toyota,Japan,42
Mazda,Japan,43
Honda,Japan,44
Honda,Japan,45
Honda,Japan,46
Honda,Japan,47
Honda,Japan,48
Honda,Japan,49
Nissan,Japan,50
Isuzu,Japan,51
Toyota,Japan,52
Mitsubishi,Japan,53
Mitsubishi,Japan,54
Honda,Japan,55
Honda,Japan,56
MG,China,57
Mazda,Japan,58
Mazda,Japan,59
Mazda,Japan,60
Honda,Japan,61
Isuzu,Japan,62
Isuzu,Japan,63
Toyota,Japan,64
Toyota,Japan,65
Ford,USA,66
Mazda,Japan,67
Honda,Japan,68
Isuzu,Japan,69
Honda,Japan,70
Nissan,Japan,71
Honda,Japan,72
Subaru,Japan,73
Honda,Japan,74
MG,China,75
Toyota,Japan,76
Honda,Japan,77
Isuzu,Japan,78
Mazda,Japan,79
Honda,Japan,80
Subaru,Japan,81
Mazda,Japan,82
BMW,Germany,83
Honda,Japan,84
Honda,Japan,85
Ford,USA,86
Isuzu,Japan,87
Honda,Japan,88
Mitsubishi,Japan,89
Honda,Japan,90
Nissan,Japan,91
Honda,Japan,92
Ford,USA,93
Honda,Japan,94
Honda,Japan,95
Honda,Japan,96
Ford,USA,97
MG,China,98
Honda,Japan,99
MG,China,100
MG,China,101
Mazda,Japan,102
Nissan,Japan,103
Toyota,Japan,104
Toyota,Japan,105
MG,China,106
MG,China,107
Ford,USA,108
MG,China,109
Toyota,Japan,110
Honda,Japan,111
Mitsubishi,Japan,112
Ford,USA,113
Mitsubishi,Japan,114
Toyota,Japan,115
Honda,Japan,116
Mazda,Japan,117
Isuzu,Japan,118
Subaru,Japan,119
Ford,USA,120
Mitsubishi,Japan,121
Subaru,Japan,122
Mazda,Japan,123
Mazda,Japan,124
Honda,Japan,125
Isuzu,Japan,126
Isuzu,Japan,127
Isuzu,Japan,128
Toyota,Japan,129
Toyota,Japan,130
Ford,USA,131
Toyota,Japan,132
Ford,USA,133
Mitsubishi,Japan,134
Honda,Japan,135
Ford,USA,136
Mazda,Japan,137
Subaru,Japan,138
Ford,USA,139
Subaru,Japan,140
Honda,Japan,141
Mitsubishi,Japan,142
Mazda,Japan,143
Honda,Japan,144
Mazda,Japan,145
Isuzu,Japan,146
Mazda,Japan,147
Honda,Japan,148
Mitsubishi,Japan,149
Mitsubishi,Japan,150
Toyota,Japan,151
Honda,Japan,152
Mitsubishi,Japan,153
Honda,Japan,154
Toyota,Japan,155
Isuzu,Japan,156
Honda,Japan,157
Subaru,Japan,158
Mazda,Japan,159
Toyota,Japan,160
Nissan,Japan,161
Toyota,Japan,162
Ford,USA,163
Mitsubishi,Japan,164
MG,China,165
Ford,USA,166
Mazda,Japan,167
Mazda,Japan,168
Mazda,Japan,169
Honda,Japan,170
Honda,Japan,171
Ford,USA,172
MG,China,173
Isuzu,Japan,174
Subaru,Japan,175
Isuzu,Japan,176
Honda,Japan,177
Mazda,Japan,178
Subaru,Japan,179
Mazda,Japan,180
Mitsubishi,Japan,181
Nissan,Japan,182
Nissan,Japan,183
Isuzu,Japan,184
Mitsubishi,Japan,185
Ford,USA,186
Honda,Japan,187
Ford,USA,188
Honda,Japan,189
Honda,Japan,190
Mazda,Japan,191
Honda,Japan,192
Mitsubishi,Japan,193
Nissan,Japan,194
Subaru,Japan,195
Honda,Japan,196
Honda,Japan,197
Honda,Japan,198
Isuzu,Japan,199
BMW,Germany,200
Mitsubishi,Japan,201
Honda,Japan,202
Mazda,Japan,203
Mazda,Japan,204
Honda,Japan,205
Nissan,Japan,206
MG,China,207
Mitsubishi,Japan,208
Subaru,Japan,209
Ford,USA,210
Nissan,Japan,211
Isuzu,Japan,212
Nissan,Japan,213
Ford,USA,214
Toyota,Japan,215
Nissan,Japan,216
Nissan,Japan,217
Ford,USA,218
Isuzu,Japan,219
Subaru,Japan,220
Ford,USA,221
MG,China,222
Toyota,Japan,223
Honda,Japan,224
Honda,Japan,225
Toyota,Japan,226
MG,China,227
MG,China,228
Honda,Japan,229
Honda,Japan,230
Isuzu,Japan,231
Nissan,Japan,232
Honda,Japan,233
Toyota,Japan,234
Ford,USA,235
Mitsubishi,Japan,236
Honda,Japan,237
Ford,USA,238
Ford,USA,239
Honda,Japan,240
Ford,USA,241
Honda,Japan,242
Mitsubishi,Japan,243
Mitsubishi,Japan,244
Ford,USA,245
Ford,USA,246
Nissan,Japan,247
Honda,Japan,248
Isuzu,Japan,249
Honda,Japan,250
Toyota,Japan,251
Toyota,Japan,252
Ford,USA,253
Ford,USA,254
Ford,USA,255
Toyota,Japan,256
Mitsubishi,Japan,257
Ford,USA,258
Honda,Japan,259
Ford,USA,260
Toyota,Japan,261
Subaru,Japan,262
Honda,Japan,263
Suzuki,,264
Nissan,Japan,265
Toyota,Japan,266
Mitsubishi,Japan,267
Mazda,Japan,268
Isuzu,Japan,269
Mitsubishi,Japan,270
Toyota,Japan,271
Mitsubishi,Japan,272
Mazda,Japan,273
Toyota,Japan,274
MG,China,275
Toyota,Japan,276
Toyota,Japan,277
MG,China,278
MG,China,279
Toyota,Japan,280
Honda,Japan,281
Mazda,Japan,282
Isuzu,Japan,283
Mitsubishi,Japan,284
Nissan,Japan,285
MG,China,286
MG,China,287
Subaru,Japan,288
Toyota,Japan,289
Nissan,Japan,290
Toyota,Japan,291
Honda,Japan,292
Ford,USA,293
Isuzu,Japan,294
Ford,USA,295
Toyota,Japan,296
MG,China,297
Mazda,Japan,298
Toyota,Japan,299
Toyota,Japan,300
Honda,Japan,301
Toyota,Japan,302
Honda,Japan,303
Toyota,Japan,304
Honda,Japan,305
Mitsubishi,Japan,306
Nissan,Japan,307
Nissan,Japan,308
MG,China,309
MG,China,310
Ford,USA,311
Nissan,Japan,312
Ford,USA,313
Suzuki,,314
Nissan,Japan,315
Mitsubishi,Japan,316
Toyota,Japan,317
MG,China,318
Toyota,Japan,319
Toyota,Japan,320
Ford,USA,321
Mazda,Japan,322
Mitsubishi,Japan,323
Honda,Japan,324
Ford,USA,325
Toyota,Japan,326
Mitsubishi,Japan,327
Honda,Japan,328
Nissan,Japan,329
Suzuki,,330
Suzuki,,331
Mitsubishi,Japan,332
Ford,USA,333
MG,China,334
Toyota,Japan,335
Suzuki,,336
Suzuki,,337
Honda,Japan,338
Nissan,Japan,339
Mazda,Japan,340
Honda,Japan,341
Isuzu,Japan,342
Suzuki,,343
Honda,Japan,344
Nissan,Japan,345
MG,China,346
Suzuki,,347
Ford,USA,348
Suzuki,,349
MG,China,350
Nissan,Japan,351
Mitsubishi,Japan,352
Mazda,Japan,353
Suzuki,,354
Mitsubishi,Japan,355
Toyota,Japan,356
Suzuki,,357
Mitsubishi,Japan,358
Suzuki,,359
Toyota,Japan,360
Suzuki,,361
Nissan,Japan,362
MG,China,363
Toyota,Japan,364
Toyota,Japan,365
Honda,Japan,366
Nissan,Japan,367
Isuzu,Japan,368
Mazda,Japan,369
MG,China,370
Ford,USA,371
Toyota,Japan,372
MG,China,373
Honda,Japan,374
Isuzu,Japan,375
Mitsubishi,Japan,376
Ford,USA,377
Honda,Japan,378
Mazda,Japan,379
Mitsubishi,Japan,380
Ford,USA,381
MG,China,382
MG,China,383
Mitsubishi,Japan,384
Isuzu,Japan,385
Toyota,Japan,386
Mazda,Japan,387
Isuzu,Japan,388
Honda,Japan,389
Toyota,Japan,390
Isuzu,Japan,391
Honda,Japan,392
Mitsubishi,Japan,393
MG,China,394
MG,China,395
Mazda,Japan,396
Ford,USA,397
Mitsubishi,Japan,398
Nissan,Japan,399
Honda,Japan,400
Honda,Japan,401
Honda,Japan,402
Mitsubishi,Japan,403
MG,China,404
Ford,USA,405
Toyota,Japan,406
Honda,Japan,407
Mitsubishi,Japan,408
Mitsubishi,Japan,409
Nissan,Japan,410
Mazda,Japan,411
Mitsubishi,Japan,412
Toyota,Japan,413
Mitsubishi,Japan,414
MG,China,415
Mazda,Japan,416
Mitsubishi,Japan,417
Ford,USA,418
Ford,USA,419
Mitsubishi,Japan,420
MG,China,421
Mitsubishi,Japan,422
Toyota,Japan,423
Nissan,Japan,424
Ford,USA,425
Mitsubishi,Japan,426
Toyota,Japan,427
Mazda,Japan,428
Honda,Japan,429
Toyota,Japan,430
Toyota,Japan,431
Toyota,Japan,432
Mitsubishi,Japan,433
Toyota,Japan,434
Ford,USA,435
Nissan,Japan,436
Mitsubishi,Japan,437
MG,China,438
Mitsubishi,Japan,439
Toyota,Japan,440
Toyota,Japan,441
MG,China,442
Nissan,Japan,443
Honda,Japan,444
Mazda,Japan,445
Toyota,Japan,446
Nissan,Japan,447
Mitsubishi,Japan,448
Honda,Japan,449
Subaru,Japan,450
Suzuki,,451
Mazda,Japan,452
Nissan,Japan,453
Toyota,Japan,454
MG,China,455
Mitsubishi,Japan,456
Toyota,Japan,457
Honda,Japan,458
Toyota,Japan,459
Ford,USA,460
Toyota,Japan,461
Mitsubishi,Japan,462
Subaru,Japan,463
Ford,USA,464
Toyota,Japan,465
Honda,Japan,466
Ford,USA,467
Mitsubishi,Japan,468
Toyota,Japan,469
Mazda,Japan,470
Toyota,Japan,471
Honda,Japan,472
Honda,Japan,473
Ford,USA,474
Honda,Japan,475
Isuzu,Japan,476
MG,China,477
MG,China,478
Ford,USA,479
Ford,USA,480
Mazda,Japan,481
Nissan,Japan,482
Mitsubishi,Japan,483
Toyota,Japan,484
Honda,Japan,485
Honda,Japan,486
Mitsubishi,Japan,487
Ford,USA,488
Toyota,Japan,489
Toyota,Japan,490
Toyota,Japan,491
Ford,USA,492
Mazda,Japan,493
Honda,Japan,494
Toyota,Japan,495
MG,China,496
Mazda,Japan,497
MG,China,498
Honda,Japan,499
Ford,USA,500
Mitsubishi,Japan,501
Honda,Japan,502
Ford,USA,503
Honda,Japan,504
Honda,Japan,505
Mitsubishi,Japan,506
Nissan,Japan,507
Nissan,Japan,508
Mitsubishi,Japan,509
MG,China,510
Mazda,Japan,511
MG,China,512
Toyota,Japan,513
Mitsubishi,Japan,514
Nissan,Japan,515
Toyota,Japan,516
Mitsubishi,Japan,517
MG,China,518
Ford,USA,519
Nissan,Japan,520
Toyota,Japan,521
Subaru,Japan,522
MG,China,523
Nissan,Japan,524
Ford,USA,525
Toyota,Japan,526
Mitsubishi,Japan,527
Toyota,Japan,528
Nissan,Japan,529
Isuzu,Japan,530
Mazda,Japan,531
Honda,Japan,532
Honda,Japan,533
Mazda,Japan,534
Nissan,Japan,535
Suzuki,,536
Toyota,Japan,537
Toyota,Japan,538
Ford,USA,539
Honda,Japan,540
Honda,Japan,541
Mazda,Japan,542
Mazda,Japan,543
Mazda,Japan,544
Isuzu,Japan,545
Toyota,Japan,546
Toyota,Japan,547
Mazda,Japan,548
Toyota,Japan,549
Suzuki,,550
MG,China,551
Nissan,Japan,552
Mazda,Japan,553
Honda,Japan,554
Nissan,Japan,555
Honda,Japan,556
Mazda,Japan,557
Honda,Japan,558
Subaru,Japan,559
Mazda,Japan,560
Subaru,Japan,561
MG,China,562
Mazda,Japan,563
Toyota,Japan,564
Suzuki,,565
Nissan,Japan,566
Honda,Japan,567
Honda,Japan,568
Honda,Japan,569
Mitsubishi,Japan,570
MG,China,571
Nissan,Japan,572
Nissan,Japan,573
Ford,USA,574
Toyota,Japan,575
Honda,Japan,576
Isuzu,Japan,577
Isuzu,Japan,578
Isuzu,Japan,579
Honda,Japan,580
Isuzu,Japan,581
Nissan,Japan,582
Isuzu,Japan,583
Mazda,Japan,584
Suzuki,,585
Honda,Japan,586
Toyota,Japan,587
Toyota,Japan,588
Mazda,Japan,589
Nissan,Japan,590
Honda,Japan,591
MG,China,592
Honda,Japan,593
Isuzu,Japan,594
Nissan,Japan,595
Isuzu,Japan,596
Honda,Japan,597
Ford,USA,598
Toyota,Japan,599
Honda,Japan,600
Toyota,Japan,601
Honda,Japan,602
Mazda,Japan,603
Isuzu,Japan,604
Toyota,Japan,605
Mazda,Japan,606
Toyota,Japan,607
Suzuki,,608
Nissan,Japan,609
Mazda,Japan,610
MG,China,611
Suzuki,,612
Honda,Japan,613
Mazda,Japan,614
Honda,Japan,615
Nissan,Japan,616
Honda,Japan,617
Ford,USA,618
Toyota,Japan,619
Suzuki,,620
Honda,Japan,621
MG,China,622
Ford,USA,623
Honda,Japan,624
Nissan,Japan,625
Nissan,Japan,626
Hyundai,Korea,627
Ford,USA,628
Mazda,Japan,629
MG,China,630
Honda,Japan,631
MG,China,632
Suzuki,,633
Mazda,Japan,634
Toyota,Japan,635
Mazda,Japan,636
Nissan,Japan,637
Nissan,Japan,638
Mazda,Japan,639
Mazda,Japan,640
Toyota,Japan,641
Mazda,Japan,642
Honda,Japan,643
Suzuki,,644
Honda,Japan,645
Honda,Japan,646
Nissan,Japan,647
Isuzu,Japan,648
Mazda,Japan,649
Mitsubishi,Japan,650
Mitsubishi,Japan,651
Nissan,Japan,652
Mazda,Japan,653
Mazda,Japan,654
Suzuki,,655
Toyota,Japan,656
Subaru,Japan,657
Mazda,Japan,658
Toyota,Japan,659
Mitsubishi,Japan,660
Toyota,Japan,661
Mazda,Japan,662
Nissan,Japan,663
MG,China,664
Subaru,Japan,665
Ford,USA,666
Isuzu,Japan,667
Suzuki,,668
Nissan,Japan,669
Toyota,Japan,670
Nissan,Japan,671
Nissan,Japan,672
Nissan,Japan,673
Mitsubishi,Japan,674
BMW,Germany,675
Ford,USA,676
Toyota,Japan,677
Honda,Japan,678
Toyota,Japan,679
Honda,Japan,680
Honda,Japan,681
Honda,Japan,682
Toyota,Japan,683
Mitsubishi,Japan,684
Honda,Japan,685
Ford,USA,686
Mazda,Japan,687
Honda,Japan,688
Honda,Japan,689
Mazda,Japan,690
Ford,USA,691
Honda,Japan,692
Honda,Japan,693
Toyota,Japan,694
Honda,Japan,695
Honda,Japan,696
Honda,Japan,697
Toyota,Japan,698
Mazda,Japan,699
Ford,USA,700
Toyota,Japan,701
Honda,Japan,702
Ford,USA,703
Honda,Japan,704
Toyota,Japan,705
Honda,Japan,706
Mitsubishi,Japan,707
Honda,Japan,708
Toyota,Japan,709
Nissan,Japan,710
MG,China,711
MG,China,712
MG,China,713
Toyota,Japan,714
MG,China,715
Toyota,Japan,716
Toyota,Japan,717
Mazda,Japan,718
Honda,Japan,719
Honda,Japan,720
Honda,Japan,721
Honda,Japan,722
Honda,Japan,723
Honda,Japan,724
Nissan,Japan,725
Isuzu,Japan,726
Toyota,Japan,727
Mitsubishi,Japan,728
Mitsubishi,Japan,729
Honda,Japan,730
Honda,Japan,731
MG,China,732
Mazda,Japan,733
Mazda,Japan,734
Mazda,Japan,735
Honda,Japan,736
Isuzu,Japan,737
Isuzu,Japan,738
Toyota,Japan,739
Toyota,Japan,740
Ford,USA,741
Mazda,Japan,742
Honda,Japan,743
Isuzu,Japan,744
Honda,Japan,745
Nissan,Japan,746
Honda,Japan,747
Subaru,Japan,748
Honda,Japan,749
MG,China,750
Toyota,Japan,751
Honda,Japan,752
Isuzu,Japan,753
Mazda,Japan,754
Honda,Japan,755
Subaru,Japan,756
Mazda,Japan,757
BMW,Germany,758
Honda,Japan,759
Honda,Japan,760
Ford,USA,761
Isuzu,Japan,762
Honda,Japan,763
Mitsubishi,Japan,764
Honda,Japan,765
Nissan,Japan,766
Honda,Japan,767
Ford,USA,768
Honda,Japan,769
Honda,Japan,770
Honda,Japan,771
Ford,USA,772
MG,China,773
Honda,Japan,774
MG,China,775
MG,China,776
Mazda,Japan,777
Nissan,Japan,778
Toyota,Japan,779
Toyota,Japan,780
MG,China,781
MG,China,782
Ford,USA,783
MG,China,784
Toyota,Japan,785
Honda,Japan,786
Mitsubishi,Japan,787
Ford,USA,788
Mitsubishi,Japan,789
Toyota,Japan,790
Honda,Japan,791
Mazda,Japan,792
Isuzu,Japan,793
Subaru,Japan,794
Ford,USA,795
Mitsubishi,Japan,796
Subaru,Japan,797
Mazda,Japan,798
Mazda,Japan,799
Honda,Japan,800
Isuzu,Japan,801
Isuzu,Japan,802
Toyota,Japan,803
Toyota,Japan,804
Ford,USA,805
Toyota,Japan,806
Ford,USA,807
Mitsubishi,Japan,808
Honda,Japan,809
Ford,USA,810
Subaru,Japan,811
Ford,USA,812
Subaru,Japan,813
Honda,Japan,814
Mitsubishi,Japan,815
Mazda,Japan,816
Honda,Japan,817
Mazda,Japan,818
Isuzu,Japan,819
Mazda,Japan,820
Honda,Japan,821
Mitsubishi,Japan,822
Mitsubishi,Japan,823
Toyota,Japan,824
Honda,Japan,825
Mitsubishi,Japan,826
Honda,Japan,827
Toyota,Japan,828
Isuzu,Japan,829
Honda,Japan,830
Subaru,Japan,831
Mazda,Japan,832
Toyota,Japan,833
Nissan,Japan,834
Toyota,Japan,835
Ford,USA,836
Mitsubishi,Japan,837
MG,China,838
Ford,USA,839
Mazda,Japan,840
Mazda,Japan,841
Mazda,Japan,842
Honda,Japan,843
Honda,Japan,844
Ford,USA,845
MG,China,846
Isuzu,Japan,847
Subaru,Japan,848
Isuzu,Japan,849
Honda,Japan,850
Mazda,Japan,851
Subaru,Japan,852
Mazda,Japan,853
Mitsubishi,Japan,854
Nissan,Japan,855
Nissan,Japan,856
Isuzu,Japan,857
Mitsubishi,Japan,858
Ford,USA,859
Honda,Japan,860
Ford,USA,861
Honda,Japan,862
Honda,Japan,863
Mazda,Japan,864
Honda,Japan,865
Mitsubishi,Japan,866
Nissan,Japan,867
Subaru,Japan,868
Honda,Japan,869
Honda,Japan,870
Honda,Japan,871
Isuzu,Japan,872
BMW,Germany,873
Mitsubishi,Japan,874
Honda,Japan,875
Mazda,Japan,876
Mazda,Japan,877
Honda,Japan,878
Nissan,Japan,879
MG,China,880
Mitsubishi,Japan,881
Subaru,Japan,882
Ford,USA,883
Nissan,Japan,884
Isuzu,Japan,885
Nissan,Japan,886
Ford,USA,887
Toyota,Japan,888
Nissan,Japan,889
Nissan,Japan,890
Ford,USA,891
Isuzu,Japan,892
Subaru,Japan,893
Ford,USA,894
MG,China,895
Toyota,Japan,896
Honda,Japan,897
Honda,Japan,898
Toyota,Japan,899
MG,China,900
MG,China,901
Honda,Japan,902
Honda,Japan,903
Isuzu,Japan,904
Nissan,Japan,905
Honda,Japan,906
Toyota,Japan,907
Ford,USA,908
Mitsubishi,Japan,909
Honda,Japan,910
Ford,USA,911
Ford,USA,912
Honda,Japan,913
Ford,USA,914
Honda,Japan,915
Mitsubishi,Japan,916
Mitsubishi,Japan,917
Ford,USA,918
Ford,USA,919
Nissan,Japan,920
Honda,Japan,921
Isuzu,Japan,922
Honda,Japan,923
Toyota,Japan,924
Toyota,Japan,925
Ford,USA,926
Ford,USA,927
Ford,USA,928
Toyota,Japan,929
Mitsubishi,Japan,930
Ford,USA,931
Honda,Japan,932
Ford,USA,933
Toyota,Japan,934
Subaru,Japan,935
Honda,Japan,936
Suzuki,,937
Nissan,Japan,938
Toyota,Japan,939
Mitsubishi,Japan,940
Mazda,Japan,941
Isuzu,Japan,942
Mitsubishi,Japan,943
Toyota,Japan,944
Mitsubishi,Japan,945
Mazda,Japan,946
Toyota,Japan,947
MG,China,948
Toyota,Japan,949
Toyota,Japan,950
MG,China,951
MG,China,952
Toyota,Japan,953
Honda,Japan,954
Mazda,Japan,955
Isuzu,Japan,956
Mitsubishi,Japan,957
Nissan,Japan,958
MG,China,959
MG,China,960
Subaru,Japan,961
Toyota,Japan,962
Nissan,Japan,963
Toyota,Japan,964
Honda,Japan,965
Ford,USA,966
Isuzu,Japan,967
Ford,USA,968
Toyota,Japan,969
MG,China,970
Mazda,Japan,971
Toyota,Japan,972
Toyota,Japan,973
Honda,Japan,974
Toyota,Japan,975
Honda,Japan,976
Toyota,Japan,977
Honda,Japan,978
Mitsubishi,Japan,979
Nissan,Japan,980
Nissan,Japan,981
MG,China,982
MG,China,983
Ford,USA,984
Nissan,Japan,985
Ford,USA,986
Suzuki,,987
Nissan,Japan,988
Mitsubishi,Japan,989
Toyota,Japan,990
MG,China,991
Toyota,Japan,992
Toyota,Japan,993
Ford,USA,994
Mazda,Japan,995
Mitsubishi,Japan,996
Honda,Japan,997
Ford,USA,998
Toyota,Japan,999
MG,China,1000
Mitsubishi,Japan,1001
Honda,Japan,1002
Nissan,Japan,1003
Suzuki,,1004
Suzuki,,1005
Mitsubishi,Japan,1006
Ford,USA,1007
MG,China,1008
Toyota,Japan,1009
Suzuki,,1010
Suzuki,,1011
Honda,Japan,1012
Nissan,Japan,1013
Mazda,Japan,1014
Honda,Japan,1015
Isuzu,Japan,1016
Suzuki,,1017
Honda,Japan,1018
Nissan,Japan,1019
MG,China,1020
Suzuki,,1021
Ford,USA,1022
Suzuki,,1023
MG,China,1024
Nissan,Japan,1025
Mitsubishi,Japan,1026
Mazda,Japan,1027
Suzuki,,1028
Mitsubishi,Japan,1029
Toyota,Japan,1030
Suzuki,,1031
Mitsubishi,Japan,1032
Suzuki,,1033
Toyota,Japan,1034
Suzuki,,1035
Nissan,Japan,1036
MG,China,1037
Toyota,Japan,1038
Toyota,Japan,1039
Honda,Japan,1040
Nissan,Japan,1041
Isuzu,Japan,1042
Mazda,Japan,1043
MG,China,1044
Ford,USA,1045
Toyota,Japan,1046
MG,China,1047
Honda,Japan,1048
Isuzu,Japan,1049
Mitsubishi,Japan,1050
Ford,USA,1051
Honda,Japan,1052
Mazda,Japan,1053
Mitsubishi,Japan,1054
Ford,USA,1055
MG,China,1056
MG,China,1057
Mitsubishi,Japan,1058
Toyota,Japan,1059
Mazda,Japan,1060
Isuzu,Japan,1061
Mazda,Japan,1062
Honda,Japan,1063
Toyota,Japan,1064
Isuzu,Japan,1065
Honda,Japan,1066
Mitsubishi,Japan,1067
MG,China,1068
MG,China,1069
Mazda,Japan,1070
Ford,USA,1071
Mitsubishi,Japan,1072
Nissan,Japan,1073
Honda,Japan,1074
Honda,Japan,1075
Honda,Japan,1076
Mitsubishi,Japan,1077
MG,China,1078
Ford,USA,1079
Toyota,Japan,1080
Honda,Japan,1081
Mitsubishi,Japan,1082
Mitsubishi,Japan,1083
Nissan,Japan,1084
Mazda,Japan,1085
Mitsubishi,Japan,1086
Toyota,Japan,1087
Mitsubishi,Japan,1088
MG,China,1089
Mazda,Japan,1090
Mitsubishi,Japan,1091
Ford,USA,1092
Ford,USA,1093
Mitsubishi,Japan,1094
MG,China,1095
Mitsubishi,Japan,1096
Toyota,Japan,1097
Nissan,Japan,1098
Ford,USA,1099
Mitsubishi,Japan,1100
Toyota,Japan,1101
Mazda,Japan,1102
Honda,Japan,1103
Toyota,Japan,1104
Toyota,Japan,1105
Toyota,Japan,1106
Mitsubishi,Japan,1107
Toyota,Japan,1108
Ford,USA,1109
Nissan,Japan,1110
Mitsubishi,Japan,1111
MG,China,1112
Mitsubishi,Japan,1113
Toyota,Japan,1114
Toyota,Japan,1115
MG,China,1116
Nissan,Japan,1117
Honda,Japan,1118
Mazda,Japan,1119
Toyota,Japan,1120
Nissan,Japan,1121
Mitsubishi,Japan,1122
Honda,Japan,1123
Subaru,Japan,1124
Suzuki,,1125
Mazda,Japan,1126
Nissan,Japan,1127
Toyota,Japan,1128
MG,China,1129
Mitsubishi,Japan,1130
Toyota,Japan,1131
Honda,Japan,1132
Toyota,Japan,1133
Ford,USA,1134
Toyota,Japan,1135
Mitsubishi,Japan,1136
Subaru,Japan,1137
Ford,USA,1138
Toyota,Japan,1139
Honda,Japan,1140
Ford,USA,1141
Mitsubishi,Japan,1142
Toyota,Japan,1143
Mazda,Japan,1144
Toyota,Japan,1145
Honda,Japan,1146
Honda,Japan,1147
Ford,USA,1148
Honda,Japan,1149
Isuzu,Japan,1150
MG,China,1151
MG,China,1152
Ford,USA,1153
Ford,USA,1154
Mazda,Japan,1155
Nissan,Japan,1156
Mitsubishi,Japan,1157
Toyota,Japan,1158
Honda,Japan,1159
Honda,Japan,1160
Mitsubishi,Japan,1161
Ford,USA,1162
Toyota,Japan,1163
Toyota,Japan,1164
Toyota,Japan,1165
Ford,USA,1166
Mazda,Japan,1167
Honda,Japan,1168
Toyota,Japan,1169
Mazda,Japan,1170
MG,China,1171
Mazda,Japan,1172
MG,China,1173
Honda,Japan,1174
Ford,USA,1175
Mitsubishi,Japan,1176
Honda,Japan,1177
Ford,USA,1178
Honda,Japan,1179
Honda,Japan,1180
Mitsubishi,Japan,1181
Nissan,Japan,1182
Nissan,Japan,1183
Mitsubishi,Japan,1184
MG,China,1185
Mazda,Japan,1186
MG,China,1187
Toyota,Japan,1188
Mitsubishi,Japan,1189
Nissan,Japan,1190
Toyota,Japan,1191
Mitsubishi,Japan,1192
MG,China,1193
Ford,USA,1194
Nissan,Japan,1195
Toyota,Japan,1196
Subaru,Japan,1197
MG,China,1198
Nissan,Japan,1199
Ford,USA,1200
Toyota,Japan,1201
Mitsubishi,Japan,1202
Toyota,Japan,1203
Nissan,Japan,1204
Isuzu,Japan,1205
Mazda,Japan,1206
Honda,Japan,1207
Honda,Japan,1208
Mazda,Japan,1209
Nissan,Japan,1210
Suzuki,,1211
Toyota,Japan,1212
Toyota,Japan,1213
Ford,USA,1214
Honda,Japan,1215
Honda,Japan,1216
Mazda,Japan,1217
Mazda,Japan,1218
Mazda,Japan,1219
Isuzu,Japan,1220
Toyota,Japan,1221
Toyota,Japan,1222
Mazda,Japan,1223
Toyota,Japan,1224
Suzuki,,1225
MG,China,1226
Nissan,Japan,1227
Mazda,Japan,1228
Honda,Japan,1229
Nissan,Japan,1230
Honda,Japan,1231
Mazda,Japan,1232
Honda,Japan,1233
Subaru,Japan,1234
Mazda,Japan,1235
Subaru,Japan,1236
Nissan,Japan,1237
Nissan,Japan,1238
MG,China,1239
Mazda,Japan,1240
Toyota,Japan,1241
Suzuki,,1242
Nissan,Japan,1243
Honda,Japan,1244
Honda,Japan,1245
Honda,Japan,1246
Mitsubishi,Japan,1247
MG,China,1248
Nissan,Japan,1249
Ford,USA,1250
Toyota,Japan,1251
Toyota,Japan,1252
Toyota,Japan,1253
Toyota,Japan,1254
Honda,Japan,1255
Isuzu,Japan,1256
Isuzu,Japan,1257
Isuzu,Japan,1258
Honda,Japan,1259
Isuzu,Japan,1260
Isuzu,Japan,1261
Mazda,Japan,1262
Nissan,Japan,1263
Isuzu,Japan,1264
Mazda,Japan,1265
Suzuki,,1266
Honda,Japan,1267
Toyota,Japan,1268
Toyota,Japan,1269
Mazda,Japan,1270
Nissan,Japan,1271
Honda,Japan,1272
MG,China,1273
Honda,Japan,1274
Isuzu,Japan,1275
Nissan,Japan,1276
Honda,Japan,1277
Ford,USA,1278
Toyota,Japan,1279
Honda,Japan,1280
Toyota,Japan,1281
Honda,Japan,1282
Mazda,Japan,1283
Isuzu,Japan,1284
Toyota,Japan,1285
Mazda,Japan,1286
Toyota,Japan,1287
Suzuki,,1288
Nissan,Japan,1289
Mazda,Japan,1290
Suzuki,,1291
Honda,Japan,1292
Mazda,Japan,1293
Honda,Japan,1294
Nissan,Japan,1295
Honda,Japan,1296
Ford,USA,1297
Suzuki,,1298
Honda,Japan,1299
MG,China,1300
Ford,USA,1301
Honda,Japan,1302
Nissan,Japan,1303
Nissan,Japan,1304
Hyundai,Korea,1305
Ford,USA,1306
Isuzu,Japan,1307
MG,China,1308
Honda,Japan,1309
MG,China,1310
Suzuki,,1311
Mazda,Japan,1312
Toyota,Japan,1313
Mazda,Japan,1314
Nissan,Japan,1315
Mazda,Japan,1316
Mazda,Japan,1317
Toyota,Japan,1318
Mazda,Japan,1319
Honda,Japan,1320
Suzuki,,1321
Honda,Japan,1322
Honda,Japan,1323
Nissan,Japan,1324
Isuzu,Japan,1325
Mazda,Japan,1326
Mitsubishi,Japan,1327
Mitsubishi,Japan,1328
Nissan,Japan,1329
Mazda,Japan,1330
Suzuki,,1331
Toyota,Japan,1332
Subaru,Japan,1333
Mazda,Japan,1334
Toyota,Japan,1335
Mitsubishi,Japan,1336
Toyota,Japan,1337
Mazda,Japan,1338
Nissan,Japan,1339
MG,China,1340
Subaru,Japan,1341
Ford,USA,1342
Isuzu,Japan,1343
Suzuki,,1344
Toyota,Japan,1345
Nissan,Japan,1346
Nissan,Japan,1347
Mitsubishi,Japan,1348
Nissan,Japan,1349
BMW,Germany,1350
Ford,USA,1351
Toyota,Japan,1352
Honda,Japan,1353
Toyota,Japan,1354
Honda,Japan,1355
Honda,Japan,1356
Honda,Japan,1357
Toyota,Japan,1358
Mitsubishi,Japan,1359
Honda,Japan,1360
Ford,USA,1361
Mazda,Japan,1362
Honda,Japan,1363
Honda,Japan,1364
Mazda,Japan,1365
Ford,USA,1366
Honda,Japan,1367
Honda,Japan,1368
Toyota,Japan,1369
Honda,Japan,1370
Honda,Japan,1371
Honda,Japan,1372
Toyota,Japan,1373
Mazda,Japan,1374
Ford,USA,1375
Toyota,Japan,1376
Honda,Japan,1377
Ford,USA,1378
Honda,Japan,1379
Toyota,Japan,1380
Honda,Japan,1381
Mitsubishi,Japan,1382
Honda,Japan,1383
Toyota,Japan,1384
Nissan,Japan,1385
MG,China,1386
MG,China,1387
MG,China,1388
Toyota,Japan,1389
MG,China,1390
Toyota,Japan,1391
Toyota,Japan,1392
Mazda,Japan,1393
Honda,Japan,1394
Honda,Japan,1395
Honda,Japan,1396
Honda,Japan,1397
Honda,Japan,1398
Honda,Japan,1399
Nissan,Japan,1400
Isuzu,Japan,1401
Toyota,Japan,1402
Mitsubishi,Japan,1403
Mitsubishi,Japan,1404
Honda,Japan,1405
Honda,Japan,1406
MG,China,1407
Mazda,Japan,1408
Mazda,Japan,1409
Mazda,Japan,1410
Honda,Japan,1411
Isuzu,Japan,1412
Isuzu,Japan,1413
Toyota,Japan,1414
Toyota,Japan,1415
Ford,USA,1416
Mazda,Japan,1417
Honda,Japan,1418
Isuzu,Japan,1419
Honda,Japan,1420
Nissan,Japan,1421
Honda,Japan,1422
Subaru,Japan,1423
Honda,Japan,1424
MG,China,1425
Toyota,Japan,1426
Honda,Japan,1427
Isuzu,Japan,1428
Mazda,Japan,1429
Honda,Japan,1430
Subaru,Japan,1431
Mazda,Japan,1432
BMW,Germany,1433
Honda,Japan,1434
Honda,Japan,1435
Ford,USA,1436
Isuzu,Japan,1437
Honda,Japan,1438
Mitsubishi,Japan,1439
Honda,Japan,1440
Nissan,Japan,1441
Honda,Japan,1442
Ford,USA,1443
Honda,Japan,1444
Honda,Japan,1445
Honda,Japan,1446
Ford,USA,1447
MG,China,1448
Honda,Japan,1449
MG,China,1450
MG,China,1451
Mazda,Japan,1452
Nissan,Japan,1453
Toyota,Japan,1454
Toyota,Japan,1455
MG,China,1456
MG,China,1457
Ford,USA,1458
MG,China,1459
Toyota,Japan,1460
Honda,Japan,1461
Mitsubishi,Japan,1462
Ford,USA,1463
Mitsubishi,Japan,1464
Toyota,Japan,1465
Honda,Japan,1466
Mazda,Japan,1467
Isuzu,Japan,1468
Subaru,Japan,1469
Ford,USA,1470
Mitsubishi,Japan,1471
Subaru,Japan,1472
Mazda,Japan,1473
Mazda,Japan,1474
Honda,Japan,1475
Isuzu,Japan,1476
Isuzu,Japan,1477
Toyota,Japan,1478
Toyota,Japan,1479
Ford,USA,1480
Toyota,Japan,1481
Ford,USA,1482
Mitsubishi,Japan,1483
Honda,Japan,1484
Ford,USA,1485
Subaru,Japan,1486
Ford,USA,1487
Subaru,Japan,1488
Honda,Japan,1489
Mitsubishi,Japan,1490
Mazda,Japan,1491
Honda,Japan,1492
Mazda,Japan,1493
Isuzu,Japan,1494
Mazda,Japan,1495
Honda,Japan,1496
Mitsubishi,Japan,1497
Mitsubishi,Japan,1498
Toyota,Japan,1499
Honda,Japan,1500
Mitsubishi,Japan,1501
Honda,Japan,1502
Toyota,Japan,1503
Isuzu,Japan,1504
Honda,Japan,1505
Subaru,Japan,1506
Mazda,Japan,1507
Toyota,Japan,1508
Nissan,Japan,1509
Toyota,Japan,1510
Ford,USA,1511
Mitsubishi,Japan,1512
MG,China,1513
Ford,USA,1514
Mazda,Japan,1515
Mazda,Japan,1516
Mazda,Japan,1517
Honda,Japan,1518
Honda,Japan,1519
Ford,USA,1520
MG,China,1521
Isuzu,Japan,1522
Subaru,Japan,1523
Isuzu,Japan,1524
Honda,Japan,1525
Mazda,Japan,1526
Subaru,Japan,1527
Mazda,Japan,1528
Mitsubishi,Japan,1529
Nissan,Japan,1530
Nissan,Japan,1531
Isuzu,Japan,1532
Mitsubishi,Japan,1533
Ford,USA,1534
Honda,Japan,1535
Ford,USA,1536
Honda,Japan,1537
Honda,Japan,1538
Mazda,Japan,1539
Honda,Japan,1540
Mitsubishi,Japan,1541
Nissan,Japan,1542
Subaru,Japan,1543
Honda,Japan,1544
Honda,Japan,1545
Honda,Japan,1546
Isuzu,Japan,1547
BMW,Germany,1548
Mitsubishi,Japan,1549
Honda,Japan,1550
Mazda,Japan,1551
Mazda,Japan,1552
Honda,Japan,1553
Nissan,Japan,1554
MG,China,1555
Mitsubishi,Japan,1556
Subaru,Japan,1557
Ford,USA,1558
Nissan,Japan,1559
Isuzu,Japan,1560
Nissan,Japan,1561
Ford,USA,1562
Toyota,Japan,1563
Nissan,Japan,1564
Nissan,Japan,1565
Ford,USA,1566
Isuzu,Japan,1567
Subaru,Japan,1568
Ford,USA,1569
MG,China,1570
Toyota,Japan,1571
Honda,Japan,1572
Honda,Japan,1573
Toyota,Japan,1574
MG,China,1575
MG,China,1576
Honda,Japan,1577
Honda,Japan,1578
Isuzu,Japan,1579
Nissan,Japan,1580
Honda,Japan,1581
Toyota,Japan,1582
Ford,USA,1583
Mitsubishi,Japan,1584
Honda,Japan,1585
Ford,USA,1586
Ford,USA,1587
Honda,Japan,1588
Ford,USA,1589
Honda,Japan,1590
Mitsubishi,Japan,1591
Mitsubishi,Japan,1592
Ford,USA,1593
Ford,USA,1594
Nissan,Japan,1595
Honda,Japan,1596
Isuzu,Japan,1597
Honda,Japan,1598
Toyota,Japan,1599
Toyota,Japan,1600
Ford,USA,1601
Ford,USA,1602
Ford,USA,1603
Toyota,Japan,1604
Mitsubishi,Japan,1605
Ford,USA,1606
Honda,Japan,1607
Ford,USA,1608
Toyota,Japan,1609
Subaru,Japan,1610
Honda,Japan,1611
Suzuki,,1612
Nissan,Japan,1613
Toyota,Japan,1614
Mitsubishi,Japan,1615
Mazda,Japan,1616
Isuzu,Japan,1617
Mitsubishi,Japan,1618
Toyota,Japan,1619
Mitsubishi,Japan,1620
Mazda,Japan,1621
Toyota,Japan,1622
MG,China,1623
Toyota,Japan,1624
Toyota,Japan,1625
MG,China,1626
MG,China,1627
Toyota,Japan,1628
Honda,Japan,1629
Mazda,Japan,1630
Isuzu,Japan,1631
Mitsubishi,Japan,1632
Nissan,Japan,1633
MG,China,1634
MG,China,1635
Subaru,Japan,1636
Toyota,Japan,1637
Nissan,Japan,1638
Toyota,Japan,1639
Honda,Japan,1640
Ford,USA,1641
Isuzu,Japan,1642
Ford,USA,1643
Toyota,Japan,1644
MG,China,1645
Mazda,Japan,1646
Toyota,Japan,1647
Toyota,Japan,1648
Honda,Japan,1649
Toyota,Japan,1650
Honda,Japan,1651
Toyota,Japan,1652
Honda,Japan,1653
Mitsubishi,Japan,1654
Nissan,Japan,1655
Nissan,Japan,1656
MG,China,1657
MG,China,1658
Ford,USA,1659
Nissan,Japan,1660
Ford,USA,1661
Suzuki,,1662
Nissan,Japan,1663
Mitsubishi,Japan,1664
Toyota,Japan,1665
MG,China,1666
Toyota,Japan,1667
Toyota,Japan,1668
Ford,USA,1669
Mazda,Japan,1670
Mitsubishi,Japan,1671
Honda,Japan,1672
Ford,USA,1673
Toyota,Japan,1674
MG,China,1675
Mitsubishi,Japan,1676
Honda,Japan,1677
Nissan,Japan,1678
Suzuki,,1679
Suzuki,,1680
Mitsubishi,Japan,1681
Ford,USA,1682
MG,China,1683
Toyota,Japan,1684
Suzuki,,1685
Suzuki,,1686
Honda,Japan,1687
Nissan,Japan,1688
Mazda,Japan,1689
Honda,Japan,1690
Isuzu,Japan,1691
Suzuki,,1692
Honda,Japan,1693
Nissan,Japan,1694
MG,China,1695
Suzuki,,1696
Ford,USA,1697
Suzuki,,1698
MG,China,1699
Nissan,Japan,1700
Mitsubishi,Japan,1701
Mazda,Japan,1702
Suzuki,,1703
Mitsubishi,Japan,1704
Toyota,Japan,1705
Suzuki,,1706
Mitsubishi,Japan,1707
Suzuki,,1708
Toyota,Japan,1709
Suzuki,,1710
Nissan,Japan,1711
MG,China,1712
Toyota,Japan,1713
Toyota,Japan,1714
Honda,Japan,1715
Nissan,Japan,1716
Isuzu,Japan,1717
Mazda,Japan,1718
MG,China,1719
Ford,USA,1720
Toyota,Japan,1721
MG,China,1722
Honda,Japan,1723
Isuzu,Japan,1724
Mitsubishi,Japan,1725
Ford,USA,1726
Honda,Japan,1727
Mazda,Japan,1728
Mitsubishi,Japan,1729
Ford,USA,1730
MG,China,1731
MG,China,1732
Mitsubishi,Japan,1733
Toyota,Japan,1734
Mazda,Japan,1735
Isuzu,Japan,1736
Mazda,Japan,1737
Honda,Japan,1738
Toyota,Japan,1739
Isuzu,Japan,1740
Honda,Japan,1741
Mitsubishi,Japan,1742
MG,China,1743
MG,China,1744
Mazda,Japan,1745
Ford,USA,1746
Mitsubishi,Japan,1747
Nissan,Japan,1748
Honda,Japan,1749
Honda,Japan,1750
Honda,Japan,1751
Mitsubishi,Japan,1752
MG,China,1753
Ford,USA,1754
Toyota,Japan,1755
Honda,Japan,1756
Mitsubishi,Japan,1757
Mitsubishi,Japan,1758
Nissan,Japan,1759
Mazda,Japan,1760
Mitsubishi,Japan,1761
Toyota,Japan,1762
Mitsubishi,Japan,1763
MG,China,1764
Mazda,Japan,1765
Mitsubishi,Japan,1766
Ford,USA,1767
Ford,USA,1768
Mitsubishi,Japan,1769
MG,China,1770
Mitsubishi,Japan,1771
Toyota,Japan,1772
Nissan,Japan,1773
Ford,USA,1774
Mitsubishi,Japan,1775
Toyota,Japan,1776
Mazda,Japan,1777
Honda,Japan,1778
Toyota,Japan,1779
Toyota,Japan,1780
Toyota,Japan,1781
Mitsubishi,Japan,1782
Toyota,Japan,1783
Ford,USA,1784
Nissan,Japan,1785
Mitsubishi,Japan,1786
MG,China,1787
Mitsubishi,Japan,1788
Toyota,Japan,1789
Toyota,Japan,1790
MG,China,1791
Nissan,Japan,1792
Honda,Japan,1793
Mazda,Japan,1794
Toyota,Japan,1795
Nissan,Japan,1796
Mitsubishi,Japan,1797
Honda,Japan,1798
Subaru,Japan,1799
Suzuki,,1800
Mazda,Japan,1801
Nissan,Japan,1802
Toyota,Japan,1803
MG,China,1804
Mitsubishi,Japan,1805
Toyota,Japan,1806
Honda,Japan,1807
Toyota,Japan,1808
Ford,USA,1809
Toyota,Japan,1810
Mitsubishi,Japan,1811
Subaru,Japan,1812
Ford,USA,1813
Toyota,Japan,1814
Honda,Japan,1815
Ford,USA,1816
Mitsubishi,Japan,1817
Toyota,Japan,1818
Mazda,Japan,1819
Toyota,Japan,1820
Honda,Japan,1821
Honda,Japan,1822
Ford,USA,1823
Honda,Japan,1824
Isuzu,Japan,1825
MG,China,1826
MG,China,1827
Ford,USA,1828
Ford,USA,1829
Mazda,Japan,1830
Nissan,Japan,1831
Mitsubishi,Japan,1832
Toyota,Japan,1833
Honda,Japan,1834
Honda,Japan,1835
Mitsubishi,Japan,1836
Ford,USA,1837
Toyota,Japan,1838
Toyota,Japan,1839
Toyota,Japan,1840
Ford,USA,1841
Mazda,Japan,1842
Honda,Japan,1843
Toyota,Japan,1844
Mazda,Japan,1845
MG,China,1846
Mazda,Japan,1847
MG,China,1848
Honda,Japan,1849
Ford,USA,1850
Mitsubishi,Japan,1851
Honda,Japan,1852
Ford,USA,1853
Honda,Japan,1854
Honda,Japan,1855
Mitsubishi,Japan,1856
Nissan,Japan,1857
Nissan,Japan,1858
Mitsubishi,Japan,1859
MG,China,1860
Mazda,Japan,1861
MG,China,1862
Toyota,Japan,1863
Mitsubishi,Japan,1864
Nissan,Japan,1865
Toyota,Japan,1866
Mitsubishi,Japan,1867
MG,China,1868
Ford,USA,1869
Nissan,Japan,1870
Toyota,Japan,1871
Subaru,Japan,1872
MG,China,1873
Nissan,Japan,1874
Ford,USA,1875
Toyota,Japan,1876
Mitsubishi,Japan,1877
Toyota,Japan,1878
Nissan,Japan,1879
Isuzu,Japan,1880
Mazda,Japan,1881
Honda,Japan,1882
Honda,Japan,1883
Mazda,Japan,1884
Nissan,Japan,1885
Suzuki,,1886
Toyota,Japan,1887
Toyota,Japan,1888
Ford,USA,1889
Honda,Japan,1890
Honda,Japan,1891
Mazda,Japan,1892
Mazda,Japan,1893
Mazda,Japan,1894
Isuzu,Japan,1895
Toyota,Japan,1896
Toyota,Japan,1897
Mazda,Japan,1898
Toyota,Japan,1899
Suzuki,,1900
MG,China,1901
Nissan,Japan,1902
Mazda,Japan,1903
Honda,Japan,1904
Nissan,Japan,1905
Honda,Japan,1906
Mazda,Japan,1907
Honda,Japan,1908
Subaru,Japan,1909
Mazda,Japan,1910
Subaru,Japan,1911
Nissan,Japan,1912
Nissan,Japan,1913
MG,China,1914
Mazda,Japan,1915
Toyota,Japan,1916
Suzuki,,1917
Nissan,Japan,1918
Honda,Japan,1919
Honda,Japan,1920
Honda,Japan,1921
Mitsubishi,Japan,1922
MG,China,1923
Nissan,Japan,1924
Ford,USA,1925
Toyota,Japan,1926
Toyota,Japan,1927
Toyota,Japan,1928
Toyota,Japan,1929
Honda,Japan,1930
Isuzu,Japan,1931
Isuzu,Japan,1932
Isuzu,Japan,1933
Honda,Japan,1934
Isuzu,Japan,1935
Isuzu,Japan,1936
Mazda,Japan,1937
Nissan,Japan,1938
Isuzu,Japan,1939
Mazda,Japan,1940
Suzuki,,1941
Honda,Japan,1942
Toyota,Japan,1943
Toyota,Japan,1944
Mazda,Japan,1945
Nissan,Japan,1946
Honda,Japan,1947
MG,China,1948
Honda,Japan,1949
Isuzu,Japan,1950
Nissan,Japan,1951
Honda,Japan,1952
Ford,USA,1953
Toyota,Japan,1954
Honda,Japan,1955
Toyota,Japan,1956
Honda,Japan,1957
Mazda,Japan,1958
Isuzu,Japan,1959
Toyota,Japan,1960
Mazda,Japan,1961
Toyota,Japan,1962
Suzuki,,1963
Nissan,Japan,1964
Mazda,Japan,1965
Suzuki,,1966
Honda,Japan,1967
Mazda,Japan,1968
Honda,Japan,1969
Nissan,Japan,1970
Honda,Japan,1971
Ford,USA,1972
Suzuki,,1973
Honda,Japan,1974
MG,China,1975
Ford,USA,1976
Honda,Japan,1977
Nissan,Japan,1978
Nissan,Japan,1979
Hyundai,Korea,1980
Ford,USA,1981
Isuzu,Japan,1982
MG,China,1983
Honda,Japan,1984
MG,China,1985
Suzuki,,1986
Mazda,Japan,1987
Toyota,Japan,1988
Mazda,Japan,1989
Nissan,Japan,1990
Mazda,Japan,1991
Mazda,Japan,1992
Toyota,Japan,1993
Mazda,Japan,1994
Honda,Japan,1995
Suzuki,,1996
Honda,Japan,1997
Honda,Japan,1998
Nissan,Japan,1999
Isuzu,Japan,2000
Mazda,Japan,2001
Mitsubishi,Japan,2002
Mitsubishi,Japan,2003
Nissan,Japan,2004
Mazda,Japan,2005
Suzuki,,2006
Toyota,Japan,2007
Subaru,Japan,2008
Mazda,Japan,2009
Toyota,Japan,2010
Mitsubishi,Japan,2011
Toyota,Japan,2012
Mazda,Japan,2013
Nissan,Japan,2014
MG,China,2015
Subaru,Japan,2016
Ford,USA,2017
Isuzu,Japan,2018
Suzuki,,2019
Toyota,Japan,2020
Nissan,Japan,2021
Nissan,Japan,2022
Mitsubishi,Japan,2023
Nissan,Japan,2024
BMW,Germany,2025
Ford,USA,2026
Toyota,Japan,2027
Honda,Japan,2028
Toyota,Japan,2029
Honda,Japan,2030
Honda,Japan,2031
Honda,Japan,2032
Toyota,Japan,2033
Mitsubishi,Japan,2034
Honda,Japan,2035
Ford,USA,2036
Mazda,Japan,2037
Honda,Japan,2038
Honda,Japan,2039
Mazda,Japan,2040
Ford,USA,2041
Honda,Japan,2042
Honda,Japan,2043
Toyota,Japan,2044
Honda,Japan,2045
Honda,Japan,2046
Honda,Japan,2047
Toyota,Japan,2048
Mazda,Japan,2049
Ford,USA,2050
Toyota,Japan,2051
Honda,Japan,2052
Ford,USA,2053
Honda,Japan,2054
Toyota,Japan,2055
Honda,Japan,2056
Mitsubishi,Japan,2057
Honda,Japan,2058
MG,China,2059
Toyota,Japan,2060
Nissan,Japan,2061
MG,China,2062
MG,China,2063
MG,China,2064
Toyota,Japan,2065
MG,China,2066
Toyota,Japan,2067
Toyota,Japan,2068
Mazda,Japan,2069
Honda,Japan,2070
Honda,Japan,2071
Honda,Japan,2072
Honda,Japan,2073
Honda,Japan,2074
Honda,Japan,2075
Nissan,Japan,2076
Isuzu,Japan,2077
Toyota,Japan,2078
Mitsubishi,Japan,2079
Mitsubishi,Japan,2080
Isuzu,Japan,2081
Honda,Japan,2082
Honda,Japan,2083
MG,China,2084
Mazda,Japan,2085
Mazda,Japan,2086
Mazda,Japan,2087
Honda,Japan,2088
Isuzu,Japan,2089
Isuzu,Japan,2090
Toyota,Japan,2091
Toyota,Japan,2092
Ford,USA,2093
Mazda,Japan,2094
Honda,Japan,2095
Isuzu,Japan,2096
Honda,Japan,2097
Nissan,Japan,2098
Honda,Japan,2099
Subaru,Japan,2100
Honda,Japan,2101
MG,China,2102
Toyota,Japan,2103
Honda,Japan,2104
Isuzu,Japan,2105
Mazda,Japan,2106
Honda,Japan,2107
Subaru,Japan,2108
Mazda,Japan,2109
BMW,Germany,2110
Honda,Japan,2111
Mazda,Japan,2112
Honda,Japan,2113
Ford,USA,2114
Honda,Japan,2115
BMW,Germany,2116
Mitsubishi,Japan,2117
Honda,Japan,2118
Nissan,Japan,2119
Honda,Japan,2120
Honda,Japan,2121
Honda,Japan,2122
Honda,Japan,2123
MG,China,2124
Honda,Japan,2125
MG,China,2126
MG,China,2127
Mazda,Japan,2128
Nissan,Japan,2129
Toyota,Japan,2130
Toyota,Japan,2131
MG,China,2132
MG,China,2133
Ford,USA,2134
MG,China,2135
Toyota,Japan,2136
Mitsubishi,Japan,2137
Ford,USA,2138
Mitsubishi,Japan,2139
Toyota,Japan,2140
Honda,Japan,2141
Mazda,Japan,2142
Isuzu,Japan,2143
Subaru,Japan,2144
Ford,USA,2145
Mitsubishi,Japan,2146
Subaru,Japan,2147
Mazda,Japan,2148
Honda,Japan,2149
Isuzu,Japan,2150
Isuzu,Japan,2151
Isuzu,Japan,2152
Toyota,Japan,2153
Toyota,Japan,2154
Ford,USA,2155
Toyota,Japan,2156
Ford,USA,2157
Mitsubishi,Japan,2158
Honda,Japan,2159
Ford,USA,2160
Subaru,Japan,2161
Ford,USA,2162
Subaru,Japan,2163
Honda,Japan,2164
Mitsubishi,Japan,2165
Mazda,Japan,2166
Honda,Japan,2167
Mazda,Japan,2168
Mazda,Japan,2169
Mitsubishi,Japan,2170
Mitsubishi,Japan,2171
Toyota,Japan,2172
Honda,Japan,2173
Mitsubishi,Japan,2174
Honda,Japan,2175
Toyota,Japan,2176
Isuzu,Japan,2177
Suzuki,,2178
Subaru,Japan,2179
Mazda,Japan,2180
Toyota,Japan,2181
Nissan,Japan,2182
Toyota,Japan,2183
Honda,Japan,2184
Ford,USA,2185
Mitsubishi,Japan,2186
MG,China,2187
Ford,USA,2188
Mazda,Japan,2189
Mazda,Japan,2190
Mazda,Japan,2191
Honda,Japan,2192
Honda,Japan,2193
Ford,USA,2194
MG,China,2195
Subaru,Japan,2196
Isuzu,Japan,2197
Honda,Japan,2198
Mazda,Japan,2199
Subaru,Japan,2200
Mazda,Japan,2201
Nissan,Japan,2202
Nissan,Japan,2203
Isuzu,Japan,2204
Mitsubishi,Japan,2205
Ford,USA,2206
Ford,USA,2207
Honda,Japan,2208
Honda,Japan,2209
Mazda,Japan,2210
Honda,Japan,2211
Mitsubishi,Japan,2212
Nissan,Japan,2213
Subaru,Japan,2214
Honda,Japan,2215
Honda,Japan,2216
Mitsubishi,Japan,2217
Honda,Japan,2218
Mazda,Japan,2219
Mazda,Japan,2220
Honda,Japan,2221
Nissan,Japan,2222
MG,China,2223
Mitsubishi,Japan,2224
Subaru,Japan,2225
Ford,USA,2226
Nissan,Japan,2227
Isuzu,Japan,2228
Nissan,Japan,2229
Ford,USA,2230
Toyota,Japan,2231
Nissan,Japan,2232
Nissan,Japan,2233
Honda,Japan,2234
Ford,USA,2235
Isuzu,Japan,2236
Subaru,Japan,2237
Ford,USA,2238
MG,China,2239
Toyota,Japan,2240
Honda,Japan,2241
Honda,Japan,2242
Toyota,Japan,2243
MG,China,2244
MG,China,2245
Honda,Japan,2246
Honda,Japan,2247
Isuzu,Japan,2248
Nissan,Japan,2249
Nissan,Japan,2250
Honda,Japan,2251
Toyota,Japan,2252
Ford,USA,2253
Mitsubishi,Japan,2254
Honda,Japan,2255
Ford,USA,2256
Ford,USA,2257
Honda,Japan,2258
Ford,USA,2259
Honda,Japan,2260
Mitsubishi,Japan,2261
Mitsubishi,Japan,2262
Ford,USA,2263
Ford,USA,2264
Nissan,Japan,2265
Honda,Japan,2266
Isuzu,Japan,2267
Honda,Japan,2268
Toyota,Japan,2269
Toyota,Japan,2270
Ford,USA,2271
Ford,USA,2272
Ford,USA,2273
Toyota,Japan,2274
Mitsubishi,Japan,2275
Ford,USA,2276
Honda,Japan,2277
Ford,USA,2278
Subaru,Japan,2279
Honda,Japan,2280
Suzuki,,2281
Nissan,Japan,2282
Toyota,Japan,2283
Mitsubishi,Japan,2284
Mazda,Japan,2285
Mitsubishi,Japan,2286
Toyota,Japan,2287
Mitsubishi,Japan,2288
Mazda,Japan,2289
Toyota,Japan,2290
MG,China,2291
Toyota,Japan,2292
Isuzu,Japan,2293
Toyota,Japan,2294
MG,China,2295
MG,China,2296
Toyota,Japan,2297
Honda,Japan,2298
Mazda,Japan,2299
Isuzu,Japan,2300
Honda,Japan,2301
Nissan,Japan,2302
MG,China,2303
MG,China,2304
Subaru,Japan,2305
Toyota,Japan,2306
Nissan,Japan,2307
Toyota,Japan,2308
Honda,Japan,2309
Ford,USA,2310
Mazda,Japan,2311
Isuzu,Japan,2312
Ford,USA,2313
Toyota,Japan,2314
MG,China,2315
Mazda,Japan,2316
Toyota,Japan,2317
Toyota,Japan,2318
Honda,Japan,2319
Toyota,Japan,2320
Toyota,Japan,2321
Honda,Japan,2322
Mitsubishi,Japan,2323
Nissan,Japan,2324
Nissan,Japan,2325
MG,China,2326
MG,China,2327
Ford,USA,2328
Nissan,Japan,2329
Ford,USA,2330
Suzuki,,2331
Mitsubishi,Japan,2332
Toyota,Japan,2333
MG,China,2334
Toyota,Japan,2335
Toyota,Japan,2336
Ford,USA,2337
Mazda,Japan,2338
Mazda,Japan,2339
Mitsubishi,Japan,2340
Honda,Japan,2341
Ford,USA,2342
Toyota,Japan,2343
Mitsubishi,Japan,2344
Honda,Japan,2345
Nissan,Japan,2346
Suzuki,,2347
Suzuki,,2348
Mitsubishi,Japan,2349
Ford,USA,2350
MG,China,2351
Toyota,Japan,2352
Suzuki,,2353
Suzuki,,2354
Honda,Japan,2355
Mazda,Japan,2356
Honda,Japan,2357
Suzuki,,2358
Honda,Japan,2359
Nissan,Japan,2360
Suzuki,,2361
Ford,USA,2362
Suzuki,,2363
MG,China,2364
Nissan,Japan,2365
Mitsubishi,Japan,2366
Honda,Japan,2367
Mazda,Japan,2368
Suzuki,,2369
Mitsubishi,Japan,2370
Toyota,Japan,2371
Mitsubishi,Japan,2372
Suzuki,,2373
Toyota,Japan,2374
Honda,Japan,2375
Suzuki,,2376
Nissan,Japan,2377
MG,China,2378
Toyota,Japan,2379
Toyota,Japan,2380
Honda,Japan,2381
Nissan,Japan,2382
Isuzu,Japan,2383
Mazda,Japan,2384
Ford,USA,2385
Toyota,Japan,2386
MG,China,2387
Honda,Japan,2388
Isuzu,Japan,2389
Mitsubishi,Japan,2390
Ford,USA,2391
Honda,Japan,2392
Mazda,Japan,2393
Mitsubishi,Japan,2394
Ford,USA,2395
MG,China,2396
MG,China,2397
Mitsubishi,Japan,2398
Toyota,Japan,2399
Mazda,Japan,2400
Isuzu,Japan,2401
Honda,Japan,2402
Isuzu,Japan,2403
Honda,Japan,2404
Mitsubishi,Japan,2405
MG,China,2406
MG,China,2407
Ford,USA,2408
Mitsubishi,Japan,2409
Nissan,Japan,2410
Honda,Japan,2411
Honda,Japan,2412
Mitsubishi,Japan,2413
MG,China,2414
Ford,USA,2415
Toyota,Japan,2416
Honda,Japan,2417
Mitsubishi,Japan,2418
Mitsubishi,Japan,2419
Nissan,Japan,2420
Mazda,Japan,2421
Mitsubishi,Japan,2422
Toyota,Japan,2423
Mitsubishi,Japan,2424
MG,China,2425
Mazda,Japan,2426
Mitsubishi,Japan,2427
Ford,USA,2428
Mitsubishi,Japan,2429
MG,China,2430
Mitsubishi,Japan,2431
Nissan,Japan,2432
Ford,USA,2433
Mitsubishi,Japan,2434
Toyota,Japan,2435
Honda,Japan,2436
Toyota,Japan,2437
Toyota,Japan,2438
Toyota,Japan,2439
Mitsubishi,Japan,2440
Toyota,Japan,2441
Ford,USA,2442
Nissan,Japan,2443
Mitsubishi,Japan,2444
Mitsubishi,Japan,2445
Toyota,Japan,2446
Toyota,Japan,2447
MG,China,2448
Honda,Japan,2449
Mazda,Japan,2450
Toyota,Japan,2451
Nissan,Japan,2452
Mitsubishi,Japan,2453
Honda,Japan,2454
Subaru,Japan,2455
Suzuki,,2456
Mazda,Japan,2457
Nissan,Japan,2458
Toyota,Japan,2459
MG,China,2460
Mazda,Japan,2461
Toyota,Japan,2462
Honda,Japan,2463
Toyota,Japan,2464
Ford,USA,2465
Honda,Japan,2466
Toyota,Japan,2467
Mitsubishi,Japan,2468
Subaru,Japan,2469
Ford,USA,2470
Toyota,Japan,2471
Honda,Japan,2472
Ford,USA,2473
Mitsubishi,Japan,2474
Toyota,Japan,2475
Mazda,Japan,2476
Toyota,Japan,2477
Honda,Japan,2478
Honda,Japan,2479
Ford,USA,2480
Honda,Japan,2481
Honda,Japan,2482
Isuzu,Japan,2483
MG,China,2484
MG,China,2485
Ford,USA,2486
Ford,USA,2487
Nissan,Japan,2488
Mazda,Japan,2489
Mitsubishi,Japan,2490
Toyota,Japan,2491
Mitsubishi,Japan,2492
Honda,Japan,2493
Honda,Japan,2494
Ford,USA,2495
Toyota,Japan,2496
Toyota,Japan,2497
Ford,USA,2498
Mazda,Japan,2499
Honda,Japan,2500
Toyota,Japan,2501
Mazda,Japan,2502
MG,China,2503
Ford,USA,2504
Mitsubishi,Japan,2505
Honda,Japan,2506
Ford,USA,2507
Honda,Japan,2508
Honda,Japan,2509
Mitsubishi,Japan,2510
Suzuki,,2511
Nissan,Japan,2512
Nissan,Japan,2513
Mitsubishi,Japan,2514
MG,China,2515
Mazda,Japan,2516
MG,China,2517
Toyota,Japan,2518
Mitsubishi,Japan,2519
Toyota,Japan,2520
Mitsubishi,Japan,2521
MG,China,2522
Ford,USA,2523
Toyota,Japan,2524
Subaru,Japan,2525
MG,China,2526
Nissan,Japan,2527
Ford,USA,2528
Subaru,Japan,2529
Toyota,Japan,2530
Mitsubishi,Japan,2531
Isuzu,Japan,2532
Toyota,Japan,2533
Toyota,Japan,2534
Nissan,Japan,2535
Isuzu,Japan,2536
Mazda,Japan,2537
Honda,Japan,2538
Honda,Japan,2539
Mazda,Japan,2540
Nissan,Japan,2541
Suzuki,,2542
Subaru,Japan,2543
Toyota,Japan,2544
Toyota,Japan,2545
Ford,USA,2546
Honda,Japan,2547
Honda,Japan,2548
Mazda,Japan,2549
Mazda,Japan,2550
Isuzu,Japan,2551
Mazda,Japan,2552
Toyota,Japan,2553
Nissan,Japan,2554
Suzuki,,2555
MG,China,2556
Nissan,Japan,2557
Mazda,Japan,2558
Honda,Japan,2559
Nissan,Japan,2560
Nissan,Japan,2561
Honda,Japan,2562
Nissan,Japan,2563
Honda,Japan,2564
Subaru,Japan,2565
Subaru,Japan,2566
Nissan,Japan,2567
Nissan,Japan,2568
Toyota,Japan,2569
Suzuki,,2570
Nissan,Japan,2571
Honda,Japan,2572
Honda,Japan,2573
Honda,Japan,2574
Mitsubishi,Japan,2575
MG,China,2576
Nissan,Japan,2577
Ford,USA,2578
Toyota,Japan,2579
Toyota,Japan,2580
Toyota,Japan,2581
Mitsubishi,Japan,2582
Mitsubishi,Japan,2583
Mitsubishi,Japan,2584
MG,China,2585
Nissan,Japan,2586
Ford,USA,2587
MG,China,2588
MG,China,2589
MG,China,2590
Nissan,Japan,2591
Ford,USA,2592
Isuzu,Japan,2593
Honda,Japan,2594
Honda,Japan,2595
Toyota,Japan,2596
Toyota,Japan,2597
Honda,Japan,2598
Honda,Japan,2599
Honda,Japan,2600
Toyota,Japan,2601
MG,China,2602
Honda,Japan,2603
Mitsubishi,Japan,2604
Honda,Japan,2605
Isuzu,Japan,2606
Isuzu,Japan,2607
Ford,USA,2608
Ford,USA,2609
Isuzu,Japan,2610
Honda,Japan,2611
Honda,Japan,2612
Isuzu,Japan,2613
Mazda,Japan,2614
Nissan,Japan,2615
Isuzu,Japan,2616
Honda,Japan,2617
Isuzu,Japan,2618
Mazda,Japan,2619
Honda,Japan,2620
Isuzu,Japan,2621
Mitsubishi,Japan,2622
Toyota,Japan,2623
Honda,Japan,2624
Isuzu,Japan,2625
Mazda,Japan,2626
Nissan,Japan,2627
Isuzu,Japan,2628
Honda,Japan,2629
MG,China,2630
Honda,Japan,2631
Nissan,Japan,2632
Honda,Japan,2633
Ford,USA,2634
Toyota,Japan,2635
Toyota,Japan,2636
Isuzu,Japan,2637
Honda,Japan,2638
Mitsubishi,Japan,2639
Mazda,Japan,2640
Isuzu,Japan,2641
Toyota,Japan,2642
Mazda,Japan,2643
Toyota,Japan,2644
Nissan,Japan,2645
Suzuki,,2646
Mazda,Japan,2647
Suzuki,,2648
Honda,Japan,2649
Mazda,Japan,2650
Honda,Japan,2651
Honda,Japan,2652
Nissan,Japan,2653
Ford,USA,2654
MG,China,2655
Suzuki,,2656
MG,China,2657
Ford,USA,2658
Nissan,Japan,2659
MG,China,2660
Nissan,Japan,2661
Hyundai,Korea,2662
Ford,USA,2663
Isuzu,Japan,2664
Mazda,Japan,2665
MG,China,2666
Toyota,Japan,2667
Honda,Japan,2668
Honda,Japan,2669
MG,China,2670
Ford,USA,2671
Suzuki,,2672
Toyota,Japan,2673
Mazda,Japan,2674
Toyota,Japan,2675
MG,China,2676
Nissan,Japan,2677
Mazda,Japan,2678
Mazda,Japan,2679
Toyota,Japan,2680
Mitsubishi,Japan,2681
Suzuki,,2682
Honda,Japan,2683
Nissan,Japan,2684
Isuzu,Japan,2685
Mazda,Japan,2686
Mitsubishi,Japan,2687
Mitsubishi,Japan,2688
Toyota,Japan,2689
MG,China,2690
Honda,Japan,2691
Mazda,Japan,2692
Nissan,Japan,2693
Nissan,Japan,2694
Mazda,Japan,2695
Toyota,Japan,2696
Toyota,Japan,2697
Toyota,Japan,2698
Mitsubishi,Japan,2699
Toyota,Japan,2700
Mazda,Japan,2701
Nissan,Japan,2702
Mazda,Japan,2703
Mazda,Japan,2704
MG,China,2705
Mazda,Japan,2706
Toyota,Japan,2707
Honda,Japan,2708
BMW,Germany,2709
Ford,USA,2710
Toyota,Japan,2711
Honda,Japan,2712
Toyota,Japan,2713
Honda,Japan,2714
Honda,Japan,2715
Honda,Japan,2716
Toyota,Japan,2717
Mitsubishi,Japan,2718
Honda,Japan,2719
Ford,USA,2720
Mazda,Japan,2721
Honda,Japan,2722
Honda,Japan,2723
Mazda,Japan,2724
Ford,USA,2725
Honda,Japan,2726
Honda,Japan,2727
Toyota,Japan,2728
Honda,Japan,2729
Honda,Japan,2730
Toyota,Japan,2731
Mazda,Japan,2732
Ford,USA,2733
Toyota,Japan,2734
Honda,Japan,2735
Ford,USA,2736
Honda,Japan,2737
Toyota,Japan,2738
Honda,Japan,2739
Mitsubishi,Japan,2740
Honda,Japan,2741
MG,China,2742
Toyota,Japan,2743
Nissan,Japan,2744
MG,China,2745
MG,China,2746
MG,China,2747
Toyota,Japan,2748
MG,China,2749
Toyota,Japan,2750
Toyota,Japan,2751
Mazda,Japan,2752
Honda,Japan,2753
Honda,Japan,2754
Honda,Japan,2755
Honda,Japan,2756
Honda,Japan,2757
Nissan,Japan,2758
Isuzu,Japan,2759
Toyota,Japan,2760
Mitsubishi,Japan,2761
Mitsubishi,Japan,2762
Isuzu,Japan,2763
Honda,Japan,2764
Honda,Japan,2765
MG,China,2766
Mazda,Japan,2767
Mazda,Japan,2768
Mazda,Japan,2769
Honda,Japan,2770
Isuzu,Japan,2771
Isuzu,Japan,2772
Toyota,Japan,2773
Toyota,Japan,2774
Ford,USA,2775
Mazda,Japan,2776
Honda,Japan,2777
Isuzu,Japan,2778
Honda,Japan,2779
Nissan,Japan,2780
Honda,Japan,2781
Subaru,Japan,2782
Honda,Japan,2783
MG,China,2784
Toyota,Japan,2785
Honda,Japan,2786
Isuzu,Japan,2787
Mazda,Japan,2788
Honda,Japan,2789
Subaru,Japan,2790
Mazda,Japan,2791
BMW,Germany,2792
Honda,Japan,2793
Mazda,Japan,2794
Honda,Japan,2795
Ford,USA,2796
Honda,Japan,2797
BMW,Germany,2798
Mitsubishi,Japan,2799
Honda,Japan,2800
Nissan,Japan,2801
Honda,Japan,2802
Honda,Japan,2803
Honda,Japan,2804
Honda,Japan,2805
MG,China,2806
Honda,Japan,2807
MG,China,2808
MG,China,2809
Mazda,Japan,2810
Nissan,Japan,2811
Toyota,Japan,2812
Toyota,Japan,2813
MG,China,2814
MG,China,2815
Ford,USA,2816
MG,China,2817
Toyota,Japan,2818
Mitsubishi,Japan,2819
Ford,USA,2820
Mitsubishi,Japan,2821
Toyota,Japan,2822
Honda,Japan,2823
Mazda,Japan,2824
Isuzu,Japan,2825
Subaru,Japan,2826
Ford,USA,2827
Mitsubishi,Japan,2828
Subaru,Japan,2829
Mazda,Japan,2830
Honda,Japan,2831
Isuzu,Japan,2832
Isuzu,Japan,2833
Toyota,Japan,2834
Toyota,Japan,2835
Ford,USA,2836
Toyota,Japan,2837
Ford,USA,2838
Mitsubishi,Japan,2839
Honda,Japan,2840
Ford,USA,2841
Subaru,Japan,2842
Ford,USA,2843
Subaru,Japan,2844
Honda,Japan,2845
Mitsubishi,Japan,2846
Mazda,Japan,2847
Honda,Japan,2848
Mazda,Japan,2849
Mazda,Japan,2850
Mitsubishi,Japan,2851
Mitsubishi,Japan,2852
Toyota,Japan,2853
Honda,Japan,2854
Mitsubishi,Japan,2855
Honda,Japan,2856
Toyota,Japan,2857
Isuzu,Japan,2858
Suzuki,,2859
Subaru,Japan,2860
Mazda,Japan,2861
Toyota,Japan,2862
Nissan,Japan,2863
Toyota,Japan,2864
Honda,Japan,2865
Ford,USA,2866
Mitsubishi,Japan,2867
MG,China,2868
Ford,USA,2869
Mazda,Japan,2870
Mazda,Japan,2871
Mazda,Japan,2872
Honda,Japan,2873
Honda,Japan,2874
Ford,USA,2875
MG,China,2876
Subaru,Japan,2877
Isuzu,Japan,2878
Honda,Japan,2879
Mazda,Japan,2880
Subaru,Japan,2881
Mazda,Japan,2882
Nissan,Japan,2883
Nissan,Japan,2884
Isuzu,Japan,2885
Mitsubishi,Japan,2886
Ford,USA,2887
Ford,USA,2888
Honda,Japan,2889
Honda,Japan,2890
Mazda,Japan,2891
Honda,Japan,2892
Mitsubishi,Japan,2893
Nissan,Japan,2894
Subaru,Japan,2895
Honda,Japan,2896
Honda,Japan,2897
Mitsubishi,Japan,2898
Honda,Japan,2899
Mazda,Japan,2900
Mazda,Japan,2901
Honda,Japan,2902
Nissan,Japan,2903
MG,China,2904
Mitsubishi,Japan,2905
Subaru,Japan,2906
Ford,USA,2907
Nissan,Japan,2908
Isuzu,Japan,2909
Nissan,Japan,2910
Ford,USA,2911
Toyota,Japan,2912
Nissan,Japan,2913
Nissan,Japan,2914
Honda,Japan,2915
Ford,USA,2916
Isuzu,Japan,2917
Subaru,Japan,2918
Ford,USA,2919
MG,China,2920
Toyota,Japan,2921
Honda,Japan,2922
Honda,Japan,2923
Toyota,Japan,2924
MG,China,2925
MG,China,2926
Honda,Japan,2927
Honda,Japan,2928
Isuzu,Japan,2929
Nissan,Japan,2930
Nissan,Japan,2931
Honda,Japan,2932
Toyota,Japan,2933
Ford,USA,2934
Mitsubishi,Japan,2935
Honda,Japan,2936
Ford,USA,2937
Ford,USA,2938
Honda,Japan,2939
Ford,USA,2940
Honda,Japan,2941
Mitsubishi,Japan,2942
Mitsubishi,Japan,2943
Ford,USA,2944
Ford,USA,2945
Nissan,Japan,2946
Honda,Japan,2947
Isuzu,Japan,2948
Honda,Japan,2949
Toyota,Japan,2950
Toyota,Japan,2951
Ford,USA,2952
Ford,USA,2953
Ford,USA,2954
Toyota,Japan,2955
Mitsubishi,Japan,2956
Ford,USA,2957
Honda,Japan,2958
Ford,USA,2959
Subaru,Japan,2960
Honda,Japan,2961
Suzuki,,2962
Nissan,Japan,2963
Toyota,Japan,2964
Mitsubishi,Japan,2965
Mazda,Japan,2966
Mitsubishi,Japan,2967
Toyota,Japan,2968
Mitsubishi,Japan,2969
Mazda,Japan,2970
Toyota,Japan,2971
MG,China,2972
Toyota,Japan,2973
Isuzu,Japan,2974
Toyota,Japan,2975
MG,China,2976
MG,China,2977
Toyota,Japan,2978
Honda,Japan,2979
Mazda,Japan,2980
Isuzu,Japan,2981
Honda,Japan,2982
Nissan,Japan,2983
MG,China,2984
MG,China,2985
Subaru,Japan,2986
Toyota,Japan,2987
Nissan,Japan,2988
Toyota,Japan,2989
Honda,Japan,2990
Ford,USA,2991
Isuzu,Japan,2992
Mazda,Japan,2993
Isuzu,Japan,2994
Ford,USA,2995
Toyota,Japan,2996
MG,China,2997
Mazda,Japan,2998
Toyota,Japan,2999
Toyota,Japan,3000
Honda,Japan,3001
Toyota,Japan,3002
Toyota,Japan,3003
Honda,Japan,3004
Mitsubishi,Japan,3005
Nissan,Japan,3006
Nissan,Japan,3007
MG,China,3008
MG,China,3009
Ford,USA,3010
Nissan,Japan,3011
Ford,USA,3012
Suzuki,,3013
Mitsubishi,Japan,3014
Toyota,Japan,3015
MG,China,3016
Toyota,Japan,3017
Toyota,Japan,3018
Ford,USA,3019
Mazda,Japan,3020
Mazda,Japan,3021
Mitsubishi,Japan,3022
Honda,Japan,3023
Ford,USA,3024
Toyota,Japan,3025
Mitsubishi,Japan,3026
Honda,Japan,3027
Nissan,Japan,3028
Suzuki,,3029
Suzuki,,3030
Mitsubishi,Japan,3031
Ford,USA,3032
MG,China,3033
Toyota,Japan,3034
Suzuki,,3035
Suzuki,,3036
Honda,Japan,3037
Mazda,Japan,3038
Honda,Japan,3039
Suzuki,,3040
Honda,Japan,3041
Nissan,Japan,3042
Suzuki,,3043
Ford,USA,3044
Suzuki,,3045
MG,China,3046
Nissan,Japan,3047
Mitsubishi,Japan,3048
Honda,Japan,3049
Mazda,Japan,3050
Suzuki,,3051
Mitsubishi,Japan,3052
Toyota,Japan,3053
Mitsubishi,Japan,3054
Suzuki,,3055
Toyota,Japan,3056
Honda,Japan,3057
Suzuki,,3058
Nissan,Japan,3059
MG,China,3060
Toyota,Japan,3061
Toyota,Japan,3062
Honda,Japan,3063
Nissan,Japan,3064
Isuzu,Japan,3065
Mazda,Japan,3066
Ford,USA,3067
Toyota,Japan,3068
MG,China,3069
Honda,Japan,3070
Isuzu,Japan,3071
Mitsubishi,Japan,3072
Ford,USA,3073
Honda,Japan,3074
Mazda,Japan,3075
Mitsubishi,Japan,3076
Ford,USA,3077
MG,China,3078
MG,China,3079
Mitsubishi,Japan,3080
Toyota,Japan,3081
Mazda,Japan,3082
Isuzu,Japan,3083
Honda,Japan,3084
Isuzu,Japan,3085
Honda,Japan,3086
Mitsubishi,Japan,3087
MG,China,3088
MG,China,3089
Ford,USA,3090
Mitsubishi,Japan,3091
Nissan,Japan,3092
Honda,Japan,3093
Honda,Japan,3094
Mitsubishi,Japan,3095
MG,China,3096
Ford,USA,3097
Toyota,Japan,3098
Honda,Japan,3099
Mitsubishi,Japan,3100
Mitsubishi,Japan,3101
Nissan,Japan,3102
Mazda,Japan,3103
Mitsubishi,Japan,3104
Toyota,Japan,3105
Mitsubishi,Japan,3106
MG,China,3107
Mazda,Japan,3108
Mitsubishi,Japan,3109
Ford,USA,3110
Mitsubishi,Japan,3111
MG,China,3112
Mitsubishi,Japan,3113
Nissan,Japan,3114
Ford,USA,3115
Mitsubishi,Japan,3116
Toyota,Japan,3117
Honda,Japan,3118
Toyota,Japan,3119
Toyota,Japan,3120
Toyota,Japan,3121
Mitsubishi,Japan,3122
Toyota,Japan,3123
Ford,USA,3124
Nissan,Japan,3125
Mitsubishi,Japan,3126
Mitsubishi,Japan,3127
Toyota,Japan,3128
Toyota,Japan,3129
MG,China,3130
Honda,Japan,3131
Mazda,Japan,3132
Toyota,Japan,3133
Nissan,Japan,3134
Mitsubishi,Japan,3135
Honda,Japan,3136
Subaru,Japan,3137
Suzuki,,3138
Mazda,Japan,3139
Nissan,Japan,3140
Toyota,Japan,3141
MG,China,3142
Mazda,Japan,3143
Toyota,Japan,3144
Honda,Japan,3145
Toyota,Japan,3146
Ford,USA,3147
Honda,Japan,3148
Toyota,Japan,3149
Mitsubishi,Japan,3150
Subaru,Japan,3151
Ford,USA,3152
Toyota,Japan,3153
Honda,Japan,3154
Ford,USA,3155
Mitsubishi,Japan,3156
Toyota,Japan,3157
Mazda,Japan,3158
Toyota,Japan,3159
Honda,Japan,3160
Honda,Japan,3161
Ford,USA,3162
Honda,Japan,3163
Honda,Japan,3164
Isuzu,Japan,3165
MG,China,3166
MG,China,3167
Ford,USA,3168
Ford,USA,3169
Nissan,Japan,3170
Mazda,Japan,3171
Mitsubishi,Japan,3172
Toyota,Japan,3173
Mitsubishi,Japan,3174
Honda,Japan,3175
Honda,Japan,3176
Ford,USA,3177
Toyota,Japan,3178
Toyota,Japan,3179
Ford,USA,3180
Mazda,Japan,3181
Honda,Japan,3182
Toyota,Japan,3183
Mazda,Japan,3184
MG,China,3185
Ford,USA,3186
Mitsubishi,Japan,3187
Honda,Japan,3188
Ford,USA,3189
Honda,Japan,3190
Honda,Japan,3191
Mitsubishi,Japan,3192
Suzuki,,3193
Nissan,Japan,3194
Nissan,Japan,3195
Mitsubishi,Japan,3196
MG,China,3197
Mazda,Japan,3198
MG,China,3199
Toyota,Japan,3200
Mitsubishi,Japan,3201
Toyota,Japan,3202
Mitsubishi,Japan,3203
MG,China,3204
Ford,USA,3205
Toyota,Japan,3206
Subaru,Japan,3207
MG,China,3208
Nissan,Japan,3209
Ford,USA,3210
Subaru,Japan,3211
Toyota,Japan,3212
Mitsubishi,Japan,3213
Isuzu,Japan,3214
Toyota,Japan,3215
Toyota,Japan,3216
Nissan,Japan,3217
Isuzu,Japan,3218
Mazda,Japan,3219
Honda,Japan,3220
Honda,Japan,3221
Mazda,Japan,3222
Nissan,Japan,3223
Suzuki,,3224
Subaru,Japan,3225
Toyota,Japan,3226
Toyota,Japan,3227
Ford,USA,3228
Honda,Japan,3229
Honda,Japan,3230
Mazda,Japan,3231
Mazda,Japan,3232
Isuzu,Japan,3233
Mazda,Japan,3234
Toyota,Japan,3235
Nissan,Japan,3236
Suzuki,,3237
MG,China,3238
Nissan,Japan,3239
Mazda,Japan,3240
Honda,Japan,3241
Nissan,Japan,3242
Nissan,Japan,3243
Honda,Japan,3244
Nissan,Japan,3245
Honda,Japan,3246
Subaru,Japan,3247
Subaru,Japan,3248
Nissan,Japan,3249
Nissan,Japan,3250
Toyota,Japan,3251
Suzuki,,3252
Nissan,Japan,3253
Honda,Japan,3254
Honda,Japan,3255
Honda,Japan,3256
Mitsubishi,Japan,3257
MG,China,3258
Nissan,Japan,3259
Ford,USA,3260
Toyota,Japan,3261
Toyota,Japan,3262
Toyota,Japan,3263
Mitsubishi,Japan,3264
Mitsubishi,Japan,3265
Mitsubishi,Japan,3266
MG,China,3267
Nissan,Japan,3268
Ford,USA,3269
MG,China,3270
MG,China,3271
MG,China,3272
Nissan,Japan,3273
Ford,USA,3274
Isuzu,Japan,3275
Honda,Japan,3276
Honda,Japan,3277
Toyota,Japan,3278
Toyota,Japan,3279
Honda,Japan,3280
Honda,Japan,3281
Honda,Japan,3282
Toyota,Japan,3283
MG,China,3284
Honda,Japan,3285
Mitsubishi,Japan,3286
Honda,Japan,3287
Isuzu,Japan,3288
Honda,Japan,3289
Honda,Japan,3290
Isuzu,Japan,3291
Ford,USA,3292
Ford,USA,3293
Isuzu,Japan,3294
Honda,Japan,3295
Honda,Japan,3296
Isuzu,Japan,3297
Isuzu,Japan,3298
Mazda,Japan,3299
Nissan,Japan,3300
Isuzu,Japan,3301
Honda,Japan,3302
Isuzu,Japan,3303
Mazda,Japan,3304
Honda,Japan,3305
Isuzu,Japan,3306
Mitsubishi,Japan,3307
Toyota,Japan,3308
Honda,Japan,3309
Isuzu,Japan,3310
Mazda,Japan,3311
Nissan,Japan,3312
Isuzu,Japan,3313
Honda,Japan,3314
MG,China,3315
Honda,Japan,3316
Nissan,Japan,3317
Ford,USA,3318
Toyota,Japan,3319
Toyota,Japan,3320
Isuzu,Japan,3321
Honda,Japan,3322
Mitsubishi,Japan,3323
Toyota,Japan,3324
Mazda,Japan,3325
Toyota,Japan,3326
Nissan,Japan,3327
Suzuki,,3328
Mazda,Japan,3329
Suzuki,,3330
Honda,Japan,3331
Mazda,Japan,3332
Honda,Japan,3333
Honda,Japan,3334
Nissan,Japan,3335
Ford,USA,3336
MG,China,3337
Suzuki,,3338
MG,China,3339
Ford,USA,3340
Nissan,Japan,3341
MG,China,3342
Nissan,Japan,3343
Hyundai,Korea,3344
Ford,USA,3345
Isuzu,Japan,3346
Mazda,Japan,3347
MG,China,3348
Toyota,Japan,3349
Honda,Japan,3350
Honda,Japan,3351
MG,China,3352
Ford,USA,3353
Suzuki,,3354
Toyota,Japan,3355
Mazda,Japan,3356
Toyota,Japan,3357
MG,China,3358
Nissan,Japan,3359
Mazda,Japan,3360
Mazda,Japan,3361
Toyota,Japan,3362
Mitsubishi,Japan,3363
Suzuki,,3364
Honda,Japan,3365
Nissan,Japan,3366
Isuzu,Japan,3367
Mazda,Japan,3368
Mitsubishi,Japan,3369
Toyota,Japan,3370
MG,China,3371
Honda,Japan,3372
Mazda,Japan,3373
Nissan,Japan,3374
Nissan,Japan,3375
Mazda,Japan,3376
Toyota,Japan,3377
Toyota,Japan,3378
Toyota,Japan,3379
Mitsubishi,Japan,3380
Toyota,Japan,3381
Mazda,Japan,3382
Nissan,Japan,3383
Mazda,Japan,3384
Mazda,Japan,3385
MG,China,3386
Mazda,Japan,3387
Toyota,Japan,3388
Honda,Japan,3389
MG,China,3390
Ford,USA,3391
Suzuki,,3392
BMW,Germany,3393
Ford,USA,3394
Toyota,Japan,3395
Honda,Japan,3396
Toyota,Japan,3397
Honda,Japan,3398
Honda,Japan,3399
Honda,Japan,3400
Mitsubishi,Japan,3401
Honda,Japan,3402
Ford,USA,3403
Mazda,Japan,3404
Honda,Japan,3405
Honda,Japan,3406
Mazda,Japan,3407
Ford,USA,3408
Honda,Japan,3409
Honda,Japan,3410
Toyota,Japan,3411
Honda,Japan,3412
Honda,Japan,3413
Toyota,Japan,3414
Mazda,Japan,3415
Ford,USA,3416
Toyota,Japan,3417
Honda,Japan,3418
Ford,USA,3419
Honda,Japan,3420
Toyota,Japan,3421
Honda,Japan,3422
Mitsubishi,Japan,3423
MG,China,3424
Toyota,Japan,3425
Nissan,Japan,3426
MG,China,3427
MG,China,3428
Toyota,Japan,3429
MG,China,3430
Toyota,Japan,3431
Mazda,Japan,3432
Honda,Japan,3433
Honda,Japan,3434
Honda,Japan,3435
Nissan,Japan,3436
Isuzu,Japan,3437
Toyota,Japan,3438
Mitsubishi,Japan,3439
Mitsubishi,Japan,3440
Honda,Japan,3441
MG,China,3442
Mazda,Japan,3443
Mazda,Japan,3444
Mazda,Japan,3445
Honda,Japan,3446
Isuzu,Japan,3447
Isuzu,Japan,3448
Toyota,Japan,3449
Toyota,Japan,3450
Ford,USA,3451
Mazda,Japan,3452
Honda,Japan,3453
Isuzu,Japan,3454
Honda,Japan,3455
Nissan,Japan,3456
Honda,Japan,3457
Subaru,Japan,3458
Honda,Japan,3459
Toyota,Japan,3460
Honda,Japan,3461
Isuzu,Japan,3462
Mazda,Japan,3463
Honda,Japan,3464
Subaru,Japan,3465
Mazda,Japan,3466
BMW,Germany,3467
Honda,Japan,3468
Mazda,Japan,3469
Honda,Japan,3470
Ford,USA,3471
Isuzu,Japan,3472
Honda,Japan,3473
Mitsubishi,Japan,3474
Honda,Japan,3475
Nissan,Japan,3476
Honda,Japan,3477
Honda,Japan,3478
Honda,Japan,3479
Ford,USA,3480
MG,China,3481
MG,China,3482
MG,China,3483
Mazda,Japan,3484
Nissan,Japan,3485
Toyota,Japan,3486
Toyota,Japan,3487
MG,China,3488
MG,China,3489
Ford,USA,3490
Honda,Japan,3491
MG,China,3492
Toyota,Japan,3493
Honda,Japan,3494
Mitsubishi,Japan,3495
Ford,USA,3496
Mitsubishi,Japan,3497
Honda,Japan,3498
Mazda,Japan,3499
Isuzu,Japan,3500
Ford,USA,3501
Mitsubishi,Japan,3502
Subaru,Japan,3503
Mazda,Japan,3504
Honda,Japan,3505
Isuzu,Japan,3506
Isuzu,Japan,3507
Toyota,Japan,3508
Ford,USA,3509
Toyota,Japan,3510
Ford,USA,3511
Mitsubishi,Japan,3512
Honda,Japan,3513
Ford,USA,3514
Mazda,Japan,3515
Subaru,Japan,3516
Ford,USA,3517
Subaru,Japan,3518
Honda,Japan,3519
Mazda,Japan,3520
Honda,Japan,3521
Mazda,Japan,3522
Mazda,Japan,3523
Honda,Japan,3524
Mitsubishi,Japan,3525
Isuzu,Japan,3526
Mitsubishi,Japan,3527
Toyota,Japan,3528
Mitsubishi,Japan,3529
Toyota,Japan,3530
Isuzu,Japan,3531
Honda,Japan,3532
Subaru,Japan,3533
Mazda,Japan,3534
Toyota,Japan,3535
Toyota,Japan,3536
Honda,Japan,3537
Ford,USA,3538
MG,China,3539
Mazda,Japan,3540
Mazda,Japan,3541
Mazda,Japan,3542
Honda,Japan,3543
Honda,Japan,3544
Ford,USA,3545
MG,China,3546
Subaru,Japan,3547
Honda,Japan,3548
Mazda,Japan,3549
Subaru,Japan,3550
Mazda,Japan,3551
Isuzu,Japan,3552
Nissan,Japan,3553
Nissan,Japan,3554
Isuzu,Japan,3555
Mitsubishi,Japan,3556
Ford,USA,3557
Ford,USA,3558
Honda,Japan,3559
Honda,Japan,3560
Mazda,Japan,3561
Honda,Japan,3562
Mitsubishi,Japan,3563
Nissan,Japan,3564
Subaru,Japan,3565
Honda,Japan,3566
Honda,Japan,3567
Isuzu,Japan,3568
Mitsubishi,Japan,3569
Honda,Japan,3570
Mazda,Japan,3571
Honda,Japan,3572
Nissan,Japan,3573
MG,China,3574
Mitsubishi,Japan,3575
Nissan,Japan,3576
Subaru,Japan,3577
Ford,USA,3578
Nissan,Japan,3579
Isuzu,Japan,3580
Nissan,Japan,3581
Toyota,Japan,3582
Nissan,Japan,3583
Nissan,Japan,3584
Honda,Japan,3585
Honda,Japan,3586
Ford,USA,3587
Subaru,Japan,3588
Ford,USA,3589
MG,China,3590
Toyota,Japan,3591
Honda,Japan,3592
Honda,Japan,3593
Toyota,Japan,3594
MG,China,3595
MG,China,3596
Honda,Japan,3597
Honda,Japan,3598
Isuzu,Japan,3599
Nissan,Japan,3600
Nissan,Japan,3601
Mitsubishi,Japan,3602
Honda,Japan,3603
Ford,USA,3604
Ford,USA,3605
Honda,Japan,3606
Ford,USA,3607
Honda,Japan,3608
Mitsubishi,Japan,3609
Mitsubishi,Japan,3610
Ford,USA,3611
Ford,USA,3612
Honda,Japan,3613
Toyota,Japan,3614
Toyota,Japan,3615
Ford,USA,3616
Ford,USA,3617
Ford,USA,3618
Toyota,Japan,3619
Mitsubishi,Japan,3620
Ford,USA,3621
Ford,USA,3622
Toyota,Japan,3623
Subaru,Japan,3624
Honda,Japan,3625
Toyota,Japan,3626
Suzuki,,3627
Nissan,Japan,3628
Toyota,Japan,3629
Mitsubishi,Japan,3630
Mazda,Japan,3631
Isuzu,Japan,3632
Mitsubishi,Japan,3633
Mitsubishi,Japan,3634
Mazda,Japan,3635
Toyota,Japan,3636
MG,China,3637
Toyota,Japan,3638
Isuzu,Japan,3639
Toyota,Japan,3640
MG,China,3641
MG,China,3642
Toyota,Japan,3643
Honda,Japan,3644
Mazda,Japan,3645
Isuzu,Japan,3646
Honda,Japan,3647
MG,China,3648
MG,China,3649
Subaru,Japan,3650
Toyota,Japan,3651
Nissan,Japan,3652
Toyota,Japan,3653
Honda,Japan,3654
Ford,USA,3655
Isuzu,Japan,3656
Ford,USA,3657
Toyota,Japan,3658
MG,China,3659
Mazda,Japan,3660
Toyota,Japan,3661
Toyota,Japan,3662
Honda,Japan,3663
Toyota,Japan,3664
Honda,Japan,3665
Mitsubishi,Japan,3666
Nissan,Japan,3667
Nissan,Japan,3668
MG,China,3669
MG,China,3670
Ford,USA,3671
Nissan,Japan,3672
Mazda,Japan,3673
Suzuki,,3674
Mitsubishi,Japan,3675
MG,China,3676
Suzuki,,3677
Toyota,Japan,3678
Ford,USA,3679
Mazda,Japan,3680
Mitsubishi,Japan,3681
Honda,Japan,3682
Ford,USA,3683
Mitsubishi,Japan,3684
Honda,Japan,3685
Nissan,Japan,3686
Suzuki,,3687
Suzuki,,3688
Suzuki,,3689
Mitsubishi,Japan,3690
Ford,USA,3691
MG,China,3692
Toyota,Japan,3693
Suzuki,,3694
Honda,Japan,3695
Mazda,Japan,3696
Honda,Japan,3697
Suzuki,,3698
Nissan,Japan,3699
Suzuki,,3700
Ford,USA,3701
MG,China,3702
Nissan,Japan,3703
Honda,Japan,3704
Suzuki,,3705
Mitsubishi,Japan,3706
Mitsubishi,Japan,3707
Suzuki,,3708
MG,China,3709
Toyota,Japan,3710
Honda,Japan,3711
Suzuki,,3712
MG,China,3713
Toyota,Japan,3714
Toyota,Japan,3715
Honda,Japan,3716
Nissan,Japan,3717
Nissan,Japan,3718
Isuzu,Japan,3719
Mazda,Japan,3720
Ford,USA,3721
Toyota,Japan,3722
MG,China,3723
Honda,Japan,3724
Isuzu,Japan,3725
Mitsubishi,Japan,3726
Ford,USA,3727
Honda,Japan,3728
Mazda,Japan,3729
Mitsubishi,Japan,3730
Ford,USA,3731
MG,China,3732
Mitsubishi,Japan,3733
Isuzu,Japan,3734
Toyota,Japan,3735
Mazda,Japan,3736
Honda,Japan,3737
Toyota,Japan,3738
Isuzu,Japan,3739
Honda,Japan,3740
Mitsubishi,Japan,3741
MG,China,3742
MG,China,3743
Ford,USA,3744
Mitsubishi,Japan,3745
Nissan,Japan,3746
Honda,Japan,3747
Honda,Japan,3748
Honda,Japan,3749
Mitsubishi,Japan,3750
Ford,USA,3751
Honda,Japan,3752
Mitsubishi,Japan,3753
Mitsubishi,Japan,3754
Nissan,Japan,3755
Mazda,Japan,3756
Mitsubishi,Japan,3757
Mitsubishi,Japan,3758
MG,China,3759
Ford,USA,3760
Mitsubishi,Japan,3761
MG,China,3762
Mitsubishi,Japan,3763
Nissan,Japan,3764
Ford,USA,3765
Mitsubishi,Japan,3766
Toyota,Japan,3767
Honda,Japan,3768
Toyota,Japan,3769
Toyota,Japan,3770
Toyota,Japan,3771
Mitsubishi,Japan,3772
Toyota,Japan,3773
Toyota,Japan,3774
Ford,USA,3775
Nissan,Japan,3776
Mitsubishi,Japan,3777
MG,China,3778
Mitsubishi,Japan,3779
Toyota,Japan,3780
Toyota,Japan,3781
MG,China,3782
Honda,Japan,3783
Toyota,Japan,3784
Nissan,Japan,3785
Honda,Japan,3786
Subaru,Japan,3787
Nissan,Japan,3788
MG,China,3789
Toyota,Japan,3790
Toyota,Japan,3791
Ford,USA,3792
Suzuki,,3793
Toyota,Japan,3794
Mitsubishi,Japan,3795
Subaru,Japan,3796
Ford,USA,3797
Toyota,Japan,3798
Honda,Japan,3799
Ford,USA,3800
Mitsubishi,Japan,3801
Toyota,Japan,3802
Mazda,Japan,3803
Toyota,Japan,3804
Honda,Japan,3805
Ford,USA,3806
Honda,Japan,3807
Isuzu,Japan,3808
MG,China,3809
Honda,Japan,3810
MG,China,3811
Ford,USA,3812
Ford,USA,3813
Nissan,Japan,3814
Mazda,Japan,3815
Honda,Japan,3816
Ford,USA,3817
Toyota,Japan,3818
Toyota,Japan,3819
Ford,USA,3820
Mazda,Japan,3821
Toyota,Japan,3822
MG,China,3823
Mazda,Japan,3824
MG,China,3825
Ford,USA,3826
Ford,USA,3827
Honda,Japan,3828
Honda,Japan,3829
Mitsubishi,Japan,3830
Nissan,Japan,3831
Nissan,Japan,3832
Mitsubishi,Japan,3833
MG,China,3834
Mazda,Japan,3835
MG,China,3836
Toyota,Japan,3837
Mitsubishi,Japan,3838
Mitsubishi,Japan,3839
MG,China,3840
Ford,USA,3841
Subaru,Japan,3842
MG,China,3843
Ford,USA,3844
Subaru,Japan,3845
Toyota,Japan,3846
Mitsubishi,Japan,3847
Isuzu,Japan,3848
Toyota,Japan,3849
Toyota,Japan,3850
Nissan,Japan,3851
Isuzu,Japan,3852
Honda,Japan,3853
Honda,Japan,3854
Mazda,Japan,3855
Nissan,Japan,3856
Suzuki,,3857
Subaru,Japan,3858
Toyota,Japan,3859
Ford,USA,3860
Honda,Japan,3861
Honda,Japan,3862
Mazda,Japan,3863
Mazda,Japan,3864
Mazda,Japan,3865
Isuzu,Japan,3866
Toyota,Japan,3867
Toyota,Japan,3868
Suzuki,,3869
Suzuki,,3870
MG,China,3871
Mazda,Japan,3872
Toyota,Japan,3873
Honda,Japan,3874
Nissan,Japan,3875
Nissan,Japan,3876
Honda,Japan,3877
Mazda,Japan,3878
Subaru,Japan,3879
Subaru,Japan,3880
Nissan,Japan,3881
Nissan,Japan,3882
Mitsubishi,Japan,3883
MG,China,3884
Suzuki,,3885
Honda,Japan,3886
Honda,Japan,3887
Honda,Japan,3888
Mitsubishi,Japan,3889
MG,China,3890
Nissan,Japan,3891
Ford,USA,3892
Toyota,Japan,3893
Toyota,Japan,3894
Mitsubishi,Japan,3895
Mitsubishi,Japan,3896
MG,China,3897
Nissan,Japan,3898
Mitsubishi,Japan,3899
Ford,USA,3900
Nissan,Japan,3901
MG,China,3902
Toyota,Japan,3903
MG,China,3904
MG,China,3905
Nissan,Japan,3906
Ford,USA,3907
Isuzu,Japan,3908
Isuzu,Japan,3909
Nissan,Japan,3910
MG,China,3911
Ford,USA,3912
Mazda,Japan,3913
Mazda,Japan,3914
MG,China,3915
Ford,USA,3916
Honda,Japan,3917
Honda,Japan,3918
Ford,USA,3919
Mitsubishi,Japan,3920
Ford,USA,3921
MG,China,3922
Toyota,Japan,3923
Mitsubishi,Japan,3924
Nissan,Japan,3925
Toyota,Japan,3926
Honda,Japan,3927
Honda,Japan,3928
Nissan,Japan,3929
Nissan,Japan,3930
Toyota,Japan,3931
Honda,Japan,3932
Honda,Japan,3933
Toyota,Japan,3934
MG,China,3935
Mitsubishi,Japan,3936
Ford,USA,3937
Honda,Japan,3938
Toyota,Japan,3939
MG,China,3940
Honda,Japan,3941
Honda,Japan,3942
Mazda,Japan,3943
Honda,Japan,3944
Honda,Japan,3945
Honda,Japan,3946
Suzuki,,3947
Ford,USA,3948
MG,China,3949
Mitsubishi,Japan,3950
Mazda,Japan,3951
Mazda,Japan,3952
Honda,Japan,3953
Ford,USA,3954
Toyota,Japan,3955
Mazda,Japan,3956
Mazda,Japan,3957
Toyota,Japan,3958
Honda,Japan,3959
Honda,Japan,3960
Toyota,Japan,3961
Honda,Japan,3962
Mazda,Japan,3963
Nissan,Japan,3964
Mitsubishi,Japan,3965
Honda,Japan,3966
Mazda,Japan,3967
Mazda,Japan,3968
Suzuki,,3969
Toyota,Japan,3970
Subaru,Japan,3971
Mazda,Japan,3972
Ford,USA,3973
Toyota,Japan,3974
Honda,Japan,3975
MG,China,3976
MG,China,3977
Toyota,Japan,3978
MG,China,3979
Mazda,Japan,3980
Mazda,Japan,3981
Honda,Japan,3982
Toyota,Japan,3983
Honda,Japan,3984
Honda,Japan,3985
MG,China,3986
Toyota,Japan,3987
Honda,Japan,3988
Honda,Japan,3989
Honda,Japan,3990
Isuzu,Japan,3991
Honda,Japan,3992
MG,China,3993
BMW,Germany,3994
Honda,Japan,3995
Ford,USA,3996
Isuzu,Japan,3997
Honda,Japan,3998
Toyota,Japan,3999
Subaru,Japan,4000
Isuzu,Japan,4001
Isuzu,Japan,4002
Toyota,Japan,4003
Mitsubishi,Japan,4004
Nissan,Japan,4005
Isuzu,Japan,4006
Honda,Japan,4007
Honda,Japan,4008
Suzuki,,4009
Nissan,Japan,4010
Mitsubishi,Japan,4011
Ford,USA,4012
Isuzu,Japan,4013
Mitsubishi,Japan,4014
Toyota,Japan,4015
Mazda,Japan,4016
Mazda,Japan,4017
Ford,USA,4018
MG,China,4019
Isuzu,Japan,4020
Honda,Japan,4021
Nissan,Japan,4022
Toyota,Japan,4023
Ford,USA,4024
Nissan,Japan,4025
Isuzu,Japan,4026
Honda,Japan,4027
Ford,USA,4028
Honda,Japan,4029
Toyota,Japan,4030
Nissan,Japan,4031
Isuzu,Japan,4032
Mazda,Japan,4033
Toyota,Japan,4034
Ford,USA,4035
Toyota,Japan,4036
Nissan,Japan,4037
Toyota,Japan,4038
Toyota,Japan,4039
Mazda,Japan,4040
Mazda,Japan,4041
Toyota,Japan,4042
Honda,Japan,4043
Nissan,Japan,4044
Honda,Japan,4045
Mitsubishi,Japan,4046
Mazda,Japan,4047
Toyota,Japan,4048
Suzuki,,4049
Ford,USA,4050
Nissan,Japan,4051
MG,China,4052
MG,China,4053
Ford,USA,4054
Isuzu,Japan,4055
Honda,Japan,4056
MG,China,4057
Toyota,Japan,4058
MG,China,4059
Toyota,Japan,4060
Mazda,Japan,4061
Mitsubishi,Japan,4062
Ford,USA,4063
Suzuki,,4064
Toyota,Japan,4065
Nissan,Japan,4066
Mazda,Japan,4067
Mitsubishi,Japan,4068
Toyota,Japan,4069
Suzuki,,4070
Mazda,Japan,4071
Mitsubishi,Japan,4072
Mazda,Japan,4073
Honda,Japan,4074
Honda,Japan,4075
Honda,Japan,4076
BMW,Germany,4077
Ford,USA,4078
Toyota,Japan,4079
Honda,Japan,4080
Toyota,Japan,4081
Honda,Japan,4082
Honda,Japan,4083
Honda,Japan,4084
Mitsubishi,Japan,4085
Honda,Japan,4086
Ford,USA,4087
Mazda,Japan,4088
Honda,Japan,4089
Honda,Japan,4090
Mazda,Japan,4091
Ford,USA,4092
Honda,Japan,4093
Honda,Japan,4094
Toyota,Japan,4095
Honda,Japan,4096
Honda,Japan,4097
Toyota,Japan,4098
Mazda,Japan,4099
Ford,USA,4100
Toyota,Japan,4101
Honda,Japan,4102
Ford,USA,4103
Honda,Japan,4104
Toyota,Japan,4105
Honda,Japan,4106
Mitsubishi,Japan,4107
MG,China,4108
Toyota,Japan,4109
Nissan,Japan,4110
MG,China,4111
MG,China,4112
Toyota,Japan,4113
MG,China,4114
Toyota,Japan,4115
Mazda,Japan,4116
Honda,Japan,4117
Honda,Japan,4118
Honda,Japan,4119
Isuzu,Japan,4120
Toyota,Japan,4121
Mitsubishi,Japan,4122
Mitsubishi,Japan,4123
Honda,Japan,4124
MG,China,4125
Mazda,Japan,4126
Mazda,Japan,4127
Mazda,Japan,4128
Honda,Japan,4129
Isuzu,Japan,4130
Isuzu,Japan,4131
Toyota,Japan,4132
Ford,USA,4133
Mazda,Japan,4134
Honda,Japan,4135
Isuzu,Japan,4136
Honda,Japan,4137
Nissan,Japan,4138
Honda,Japan,4139
Subaru,Japan,4140
Honda,Japan,4141
Toyota,Japan,4142
Honda,Japan,4143
Isuzu,Japan,4144
Mazda,Japan,4145
Honda,Japan,4146
Subaru,Japan,4147
Mazda,Japan,4148
BMW,Germany,4149
Honda,Japan,4150
Mazda,Japan,4151
Honda,Japan,4152
Ford,USA,4153
Isuzu,Japan,4154
Honda,Japan,4155
Mitsubishi,Japan,4156
Honda,Japan,4157
Nissan,Japan,4158
Ford,USA,4159
Honda,Japan,4160
Honda,Japan,4161
Honda,Japan,4162
Ford,USA,4163
MG,China,4164
MG,China,4165
MG,China,4166
Mazda,Japan,4167
Nissan,Japan,4168
Toyota,Japan,4169
Toyota,Japan,4170
MG,China,4171
MG,China,4172
Ford,USA,4173
Honda,Japan,4174
MG,China,4175
Toyota,Japan,4176
Honda,Japan,4177
Mitsubishi,Japan,4178
Ford,USA,4179
Mitsubishi,Japan,4180
Honda,Japan,4181
Mazda,Japan,4182
Isuzu,Japan,4183
Ford,USA,4184
Mitsubishi,Japan,4185
Subaru,Japan,4186
Mazda,Japan,4187
Honda,Japan,4188
Isuzu,Japan,4189
Isuzu,Japan,4190
Toyota,Japan,4191
Ford,USA,4192
Toyota,Japan,4193
Ford,USA,4194
Mitsubishi,Japan,4195
Honda,Japan,4196
Ford,USA,4197
Mazda,Japan,4198
Subaru,Japan,4199
Ford,USA,4200
Subaru,Japan,4201
Honda,Japan,4202
Mazda,Japan,4203
Honda,Japan,4204
Mazda,Japan,4205
Mazda,Japan,4206
Honda,Japan,4207
Mitsubishi,Japan,4208
Isuzu,Japan,4209
Mitsubishi,Japan,4210
Toyota,Japan,4211
Mitsubishi,Japan,4212
Toyota,Japan,4213
Isuzu,Japan,4214
Honda,Japan,4215
Subaru,Japan,4216
Mazda,Japan,4217
Toyota,Japan,4218
Toyota,Japan,4219
Honda,Japan,4220
Ford,USA,4221
MG,China,4222
Ford,USA,4223
Mazda,Japan,4224
Mazda,Japan,4225
Mazda,Japan,4226
Honda,Japan,4227
Honda,Japan,4228
Ford,USA,4229
MG,China,4230
Subaru,Japan,4231
Honda,Japan,4232
Subaru,Japan,4233
Mazda,Japan,4234
Isuzu,Japan,4235
Nissan,Japan,4236
Nissan,Japan,4237
Isuzu,Japan,4238
Mitsubishi,Japan,4239
Ford,USA,4240
Ford,USA,4241
Honda,Japan,4242
Honda,Japan,4243
Mazda,Japan,4244
Honda,Japan,4245
Mitsubishi,Japan,4246
Nissan,Japan,4247
Subaru,Japan,4248
Honda,Japan,4249
Honda,Japan,4250
Isuzu,Japan,4251
Mitsubishi,Japan,4252
Honda,Japan,4253
Mazda,Japan,4254
Honda,Japan,4255
Nissan,Japan,4256
MG,China,4257
Mitsubishi,Japan,4258
Nissan,Japan,4259
Subaru,Japan,4260
Ford,USA,4261
Nissan,Japan,4262
Isuzu,Japan,4263
Nissan,Japan,4264
Ford,USA,4265
Toyota,Japan,4266
Nissan,Japan,4267
Nissan,Japan,4268
Honda,Japan,4269
Honda,Japan,4270
Ford,USA,4271
Isuzu,Japan,4272
Subaru,Japan,4273
Ford,USA,4274
MG,China,4275
Toyota,Japan,4276
Honda,Japan,4277
Honda,Japan,4278
Toyota,Japan,4279
MG,China,4280
MG,China,4281
Honda,Japan,4282
Honda,Japan,4283
Isuzu,Japan,4284
Nissan,Japan,4285
Nissan,Japan,4286
Mitsubishi,Japan,4287
Honda,Japan,4288
Ford,USA,4289
Ford,USA,4290
Honda,Japan,4291
Ford,USA,4292
Honda,Japan,4293
Mitsubishi,Japan,4294
Mitsubishi,Japan,4295
Ford,USA,4296
Ford,USA,4297
Honda,Japan,4298
Toyota,Japan,4299
Toyota,Japan,4300
Ford,USA,4301
Ford,USA,4302
Toyota,Japan,4303
Mitsubishi,Japan,4304
Ford,USA,4305
Toyota,Japan,4306
Subaru,Japan,4307
Honda,Japan,4308
Toyota,Japan,4309
Suzuki,,4310
Nissan,Japan,4311
Toyota,Japan,4312
Mitsubishi,Japan,4313
Mazda,Japan,4314
Isuzu,Japan,4315
Mitsubishi,Japan,4316
Mitsubishi,Japan,4317
Mazda,Japan,4318
Toyota,Japan,4319
MG,China,4320
Toyota,Japan,4321
Isuzu,Japan,4322
Toyota,Japan,4323
MG,China,4324
MG,China,4325
Toyota,Japan,4326
Honda,Japan,4327
Mazda,Japan,4328
Isuzu,Japan,4329
Honda,Japan,4330
MG,China,4331
MG,China,4332
Subaru,Japan,4333
Toyota,Japan,4334
Nissan,Japan,4335
Toyota,Japan,4336
Honda,Japan,4337
Ford,USA,4338
Isuzu,Japan,4339
Ford,USA,4340
Toyota,Japan,4341
MG,China,4342
Mazda,Japan,4343
Toyota,Japan,4344
Toyota,Japan,4345
Honda,Japan,4346
Toyota,Japan,4347
Honda,Japan,4348
Mitsubishi,Japan,4349
Nissan,Japan,4350
Nissan,Japan,4351
MG,China,4352
MG,China,4353
Ford,USA,4354
Nissan,Japan,4355
Mazda,Japan,4356
Suzuki,,4357
Mitsubishi,Japan,4358
MG,China,4359
Suzuki,,4360
Toyota,Japan,4361
Ford,USA,4362
Mazda,Japan,4363
Mitsubishi,Japan,4364
Honda,Japan,4365
Ford,USA,4366
Mitsubishi,Japan,4367
Honda,Japan,4368
Nissan,Japan,4369
Suzuki,,4370
Suzuki,,4371
Suzuki,,4372
Mitsubishi,Japan,4373
Ford,USA,4374
MG,China,4375
Toyota,Japan,4376
Honda,Japan,4377
Mazda,Japan,4378
Honda,Japan,4379
Suzuki,,4380
Nissan,Japan,4381
Suzuki,,4382
Ford,USA,4383
MG,China,4384
Nissan,Japan,4385
Mitsubishi,Japan,4386
Honda,Japan,4387
Suzuki,,4388
Mitsubishi,Japan,4389
Suzuki,,4390
Mitsubishi,Japan,4391
Suzuki,,4392
MG,China,4393
Toyota,Japan,4394
Honda,Japan,4395
Suzuki,,4396
Nissan,Japan,4397
MG,China,4398
Toyota,Japan,4399
Toyota,Japan,4400
Honda,Japan,4401
Nissan,Japan,4402
Nissan,Japan,4403
Isuzu,Japan,4404
Mazda,Japan,4405
Ford,USA,4406
Toyota,Japan,4407
MG,China,4408
Honda,Japan,4409
Isuzu,Japan,4410
Mitsubishi,Japan,4411
Ford,USA,4412
Honda,Japan,4413
Mazda,Japan,4414
Mitsubishi,Japan,4415
Ford,USA,4416
MG,China,4417
Mitsubishi,Japan,4418
Isuzu,Japan,4419
Toyota,Japan,4420
Mazda,Japan,4421
Honda,Japan,4422
Toyota,Japan,4423
Isuzu,Japan,4424
Honda,Japan,4425
Mitsubishi,Japan,4426
MG,China,4427
MG,China,4428
Ford,USA,4429
Mitsubishi,Japan,4430
Nissan,Japan,4431
Honda,Japan,4432
Honda,Japan,4433
Honda,Japan,4434
Mitsubishi,Japan,4435
Ford,USA,4436
Honda,Japan,4437
Mitsubishi,Japan,4438
Mitsubishi,Japan,4439
Nissan,Japan,4440
Mazda,Japan,4441
Mitsubishi,Japan,4442
Toyota,Japan,4443
Mitsubishi,Japan,4444
MG,China,4445
Ford,USA,4446
Mitsubishi,Japan,4447
MG,China,4448
Mitsubishi,Japan,4449
Nissan,Japan,4450
Ford,USA,4451
Mitsubishi,Japan,4452
Toyota,Japan,4453
Honda,Japan,4454
Toyota,Japan,4455
Toyota,Japan,4456
Toyota,Japan,4457
Mitsubishi,Japan,4458
Toyota,Japan,4459
Toyota,Japan,4460
Ford,USA,4461
Nissan,Japan,4462
Mitsubishi,Japan,4463
MG,China,4464
Mitsubishi,Japan,4465
Toyota,Japan,4466
Toyota,Japan,4467
MG,China,4468
Honda,Japan,4469
Toyota,Japan,4470
Nissan,Japan,4471
Honda,Japan,4472
Subaru,Japan,4473
Nissan,Japan,4474
MG,China,4475
Toyota,Japan,4476
Toyota,Japan,4477
Ford,USA,4478
Suzuki,,4479
Toyota,Japan,4480
Mitsubishi,Japan,4481
Subaru,Japan,4482
Ford,USA,4483
Toyota,Japan,4484
Honda,Japan,4485
Ford,USA,4486
Mitsubishi,Japan,4487
Toyota,Japan,4488
Mazda,Japan,4489
Toyota,Japan,4490
Honda,Japan,4491
Ford,USA,4492
Honda,Japan,4493
Isuzu,Japan,4494
MG,China,4495
Honda,Japan,4496
MG,China,4497
Ford,USA,4498
Ford,USA,4499
Nissan,Japan,4500
Mazda,Japan,4501
Mitsubishi,Japan,4502
Honda,Japan,4503
Ford,USA,4504
Toyota,Japan,4505
Toyota,Japan,4506
Ford,USA,4507
Mazda,Japan,4508
Toyota,Japan,4509
MG,China,4510
Mazda,Japan,4511
MG,China,4512
Ford,USA,4513
Honda,Japan,4514
Honda,Japan,4515
Mitsubishi,Japan,4516
Nissan,Japan,4517
Nissan,Japan,4518
Mitsubishi,Japan,4519
MG,China,4520
Mazda,Japan,4521
MG,China,4522
Toyota,Japan,4523
Mitsubishi,Japan,4524
Mitsubishi,Japan,4525
MG,China,4526
Ford,USA,4527
Nissan,Japan,4528
Toyota,Japan,4529
Subaru,Japan,4530
MG,China,4531
Ford,USA,4532
Subaru,Japan,4533
Toyota,Japan,4534
Mitsubishi,Japan,4535
Isuzu,Japan,4536
Toyota,Japan,4537
Toyota,Japan,4538
Nissan,Japan,4539
Isuzu,Japan,4540
Honda,Japan,4541
Honda,Japan,4542
Mazda,Japan,4543
Nissan,Japan,4544
Suzuki,,4545
Subaru,Japan,4546
Toyota,Japan,4547
Ford,USA,4548
Honda,Japan,4549
Honda,Japan,4550
Mazda,Japan,4551
Mazda,Japan,4552
Mazda,Japan,4553
Isuzu,Japan,4554
Toyota,Japan,4555
Toyota,Japan,4556
Suzuki,,4557
Suzuki,,4558
MG,China,4559
Mazda,Japan,4560
Toyota,Japan,4561
Honda,Japan,4562
Nissan,Japan,4563
Nissan,Japan,4564
Honda,Japan,4565
Mazda,Japan,4566
Subaru,Japan,4567
Subaru,Japan,4568
Nissan,Japan,4569
Nissan,Japan,4570
Mitsubishi,Japan,4571
Suzuki,,4572
Honda,Japan,4573
Honda,Japan,4574
Honda,Japan,4575
Mitsubishi,Japan,4576
MG,China,4577
Nissan,Japan,4578
Ford,USA,4579
Toyota,Japan,4580
Toyota,Japan,4581
Mitsubishi,Japan,4582
Mitsubishi,Japan,4583
Nissan,Japan,4584
Mitsubishi,Japan,4585
Ford,USA,4586
Nissan,Japan,4587
MG,China,4588
Toyota,Japan,4589
MG,China,4590
MG,China,4591
Nissan,Japan,4592
Ford,USA,4593
Isuzu,Japan,4594
Isuzu,Japan,4595
Nissan,Japan,4596
MG,China,4597
Ford,USA,4598
Mazda,Japan,4599
Mazda,Japan,4600
MG,China,4601
Ford,USA,4602
Honda,Japan,4603
Honda,Japan,4604
Ford,USA,4605
Mitsubishi,Japan,4606
Ford,USA,4607
MG,China,4608
Toyota,Japan,4609
Mitsubishi,Japan,4610
Nissan,Japan,4611
Toyota,Japan,4612
Honda,Japan,4613
Honda,Japan,4614
Nissan,Japan,4615
Nissan,Japan,4616
Toyota,Japan,4617
Honda,Japan,4618
Honda,Japan,4619
Toyota,Japan,4620
MG,China,4621
Mitsubishi,Japan,4622
Ford,USA,4623
Honda,Japan,4624
Toyota,Japan,4625
MG,China,4626
Honda,Japan,4627
Honda,Japan,4628
Mazda,Japan,4629
Honda,Japan,4630
Honda,Japan,4631
Honda,Japan,4632
Suzuki,,4633
Ford,USA,4634
MG,China,4635
Mitsubishi,Japan,4636
Mazda,Japan,4637
Mazda,Japan,4638
Honda,Japan,4639
Ford,USA,4640
Mazda,Japan,4641
Toyota,Japan,4642
Mazda,Japan,4643
Mazda,Japan,4644
Toyota,Japan,4645
Honda,Japan,4646
Honda,Japan,4647
Toyota,Japan,4648
Honda,Japan,4649
Mazda,Japan,4650
Nissan,Japan,4651
Mitsubishi,Japan,4652
Honda,Japan,4653
Mazda,Japan,4654
Mazda,Japan,4655
Suzuki,,4656
Toyota,Japan,4657
Subaru,Japan,4658
Mazda,Japan,4659
Ford,USA,4660
Toyota,Japan,4661
Honda,Japan,4662
MG,China,4663
MG,China,4664
Toyota,Japan,4665
MG,China,4666
Mazda,Japan,4667
Mazda,Japan,4668
Honda,Japan,4669
Toyota,Japan,4670
Honda,Japan,4671
Honda,Japan,4672
MG,China,4673
Toyota,Japan,4674
Honda,Japan,4675
Honda,Japan,4676
Honda,Japan,4677
Nissan,Japan,4678
Isuzu,Japan,4679
Honda,Japan,4680
Toyota,Japan,4681
MG,China,4682
BMW,Germany,4683
Honda,Japan,4684
Isuzu,Japan,4685
Honda,Japan,4686
Toyota,Japan,4687
Subaru,Japan,4688
Isuzu,Japan,4689
Isuzu,Japan,4690
Toyota,Japan,4691
Mitsubishi,Japan,4692
Nissan,Japan,4693
Isuzu,Japan,4694
Honda,Japan,4695
Honda,Japan,4696
Suzuki,,4697
Nissan,Japan,4698
Mitsubishi,Japan,4699
Isuzu,Japan,4700
Mazda,Japan,4701
Mitsubishi,Japan,4702
Toyota,Japan,4703
Mazda,Japan,4704
Mazda,Japan,4705
Honda,Japan,4706
Nissan,Japan,4707
Toyota,Japan,4708
Ford,USA,4709
Nissan,Japan,4710
Isuzu,Japan,4711
Honda,Japan,4712
Ford,USA,4713
Ford,USA,4714
Ford,USA,4715
Honda,Japan,4716
Toyota,Japan,4717
Nissan,Japan,4718
Mazda,Japan,4719
Toyota,Japan,4720
Ford,USA,4721
Toyota,Japan,4722
Nissan,Japan,4723
Toyota,Japan,4724
Toyota,Japan,4725
Mazda,Japan,4726
Mazda,Japan,4727
Toyota,Japan,4728
Honda,Japan,4729
Suzuki,,4730
Nissan,Japan,4731
Honda,Japan,4732
Mazda,Japan,4733
Toyota,Japan,4734
Ford,USA,4735
MG,China,4736
MG,China,4737
Ford,USA,4738
Isuzu,Japan,4739
MG,China,4740
Toyota,Japan,4741
MG,China,4742
Mazda,Japan,4743
Mitsubishi,Japan,4744
Ford,USA,4745
Suzuki,,4746
Toyota,Japan,4747
Nissan,Japan,4748
Mazda,Japan,4749
Mitsubishi,Japan,4750
Toyota,Japan,4751
Suzuki,,4752
Mazda,Japan,4753
Mitsubishi,Japan,4754
Mazda,Japan,4755
Honda,Japan,4756
Honda,Japan,4757
Honda,Japan,4758
Nissan,Japan,4759
Toyota,Japan,4760
